# Published v1 specificity percentiles (quantile normalization), from project doc
# normalization_benchmark.md (2026-08-24). Used by insulation_specificity.py --expect.
element	condition	percentile
Trbv1	dV1P	0.995
Trbv1	EbKO	0.54
Trbv1	DP	0.80
Trbv1	ProB	0.77
Trbv1	S3T3	0.72
RC_Eb	dV1P	0.62
RC_Eb	EbKO	0.75
RC_Eb	DP	0.97
RC_Eb	ProB	0.90
RC_Eb	S3T3	0.75
Cd4	dV1P	0.70
Cd4	EbKO	0.53
Cd4	DP	0.996
Cd4	ProB	0.69
Cd4	S3T3	0.33
Cd8a	dV1P	0.25
Cd8a	EbKO	0.72
Cd8a	DP	0.998
Cd8a	ProB	0.99
Cd8a	S3T3	0.88
Col1a1	dV1P	0.46
Col1a1	EbKO	0.31
Col1a1	DP	0.78
Col1a1	ProB	0.49
Col1a1	S3T3	0.985
Actb	dV1P	0.54
Actb	EbKO	0.34
Actb	DP	0.51
Actb	ProB	0.57
Actb	S3T3	0.48
Sdha	dV1P	0.43
Sdha	EbKO	0.13
Sdha	DP	0.58
Sdha	ProB	0.19
Sdha	S3T3	0.05
Tbp	dV1P	0.50
Tbp	EbKO	0.24
Tbp	DP	0.80
Tbp	ProB	0.49
Tbp	S3T3	0.46
Emc7	dV1P	0.84
Emc7	EbKO	0.68
Emc7	DP	0.81
Emc7	ProB	0.35
Emc7	S3T3	0.52
Gapdh	dV1P	0.96
Gapdh	EbKO	0.81
Gapdh	DP	0.93
Gapdh	ProB	0.99
Gapdh	S3T3	0.37
