real_region	n_bins	rand_start	rand_end	p_spatial	p_directional	p_combined
Trbv1	42	41575400	41584200	4.06238e-16	8.21735e-17	2.45282e-30
Trbv1	42	41016600	41036200	1	1	1
Trbv1	42	41639800	41665400	1	1	1
Trbv1	42	40918000	40938600	1	1	1
Trbv1	42	41567600	41576400	4.02726e-21	8.62936e-20	3.1923e-38
Trbv1	42	41001200	41017600	1	1	1
Trbv1	42	41602800	41612600	0.872125	0.0643426	0.217745
Trbv1	42	41587200	41595800	4.02726e-21	8.62936e-20	3.1923e-38
Trbv1	42	40850800	40869000	1	1	1
Trbv1	42	41575200	41584000	4.06238e-16	8.21735e-17	2.45282e-30
Trbv1	42	41562400	41571400	1.89561e-12	1.98488e-14	2.24031e-24
Trbv1	42	40955000	41004200	1	1	1
Trbv1	42	40854200	40872800	1	1	1
Trbv1	42	41631400	41661600	1	1	1
Trbv1	42	41589200	41598000	4.02726e-21	8.62936e-20	3.1923e-38
Trbv1	42	41012200	41029200	1	1	1
Trbv1	42	40831800	40852000	1	1	1
Trbv1	42	40944000	40963600	1	1	1
Trbv1	42	41601200	41610800	0.0671964	6.75687e-05	6.03983e-05
Trbv1	42	41629600	41656200	1	1	1
Trbv1	42	41594400	41603000	4.02726e-21	8.62936e-20	3.1923e-38
Trbv1	42	41006000	41024200	1	1	1
Trbv1	42	40921400	40940000	1	1	1
Trbv1	42	41609400	41622000	0.972363	0.253658	0.591904
Trbv1	42	40951200	41001000	1	1	1
Trbv1	42	41564800	41573600	4.56974e-18	5.28726e-18	1.95002e-33
Trbv1	42	41564600	41573400	4.39962e-17	2.0844e-17	7.06793e-32
Trbv1	42	41568400	41577200	4.36773e-20	3.40196e-19	1.3091e-36
Trbv1	42	41591200	41600000	3.57554e-22	2.18891e-20	7.48617e-40
Trbv1	42	40929400	40951400	1	1	1
Trbv1	42	41015800	41035600	1	1	1
Trbv1	42	40797200	40815800	1	1	1
Trbv1	42	40825600	40845400	1	1	1
Trbv1	42	41574000	41582600	3.59313e-15	3.23953e-16	8.13941e-29
Trbv1	42	40817000	40839600	1	1	1
Trbv1	42	41648600	41672000	0.972363	0.746342	0.958378
Trbv1	42	41662200	41681000	0.972363	0.746342	0.958378
Trbv1	42	41573400	41582000	3.59313e-15	3.23953e-16	8.13941e-29
Trbv1	42	40823400	40841600	1	1	1
Trbv1	42	40846400	40864800	1	1	1
Trbv1	42	41574200	41582800	3.59313e-15	3.23953e-16	8.13941e-29
Trbv1	42	41599200	41608600	1.58864e-05	4.56552e-09	2.26689e-12
Trbv1	42	40917400	40937000	1	1	1
Trbv1	42	41664800	41685800	0.972363	0.746342	0.958378
Trbv1	42	40956200	41005600	1	1	1
Trbv1	42	40812200	40832000	1	1	1
Trbv1	42	40951400	41001200	1	1	1
Trbv1	42	41592400	41601000	4.02726e-21	8.62936e-20	3.1923e-38
Trbv1	42	41608200	41621000	0.972363	0.253658	0.591904
Trbv1	42	40941400	40961000	1	1	1
Trbv1	42	40955400	41005400	1	1	1
Trbv1	42	41621200	41647600	1	1	1
Trbv1	42	41622800	41648800	1	1	1
Trbv1	42	41595600	41604600	4.06238e-16	8.21735e-17	2.45282e-30
Trbv1	42	41630600	41657600	1	1	1
Trbv1	42	41593200	41601800	4.36773e-20	3.40196e-19	1.3091e-36
Trbv1	42	40917800	40938400	1	1	1
Trbv1	42	41017000	41036800	1	1	1
Trbv1	42	40964200	41014200	1	1	1
Trbv1	42	41574600	41583200	3.59313e-15	3.23953e-16	8.13941e-29
Trbv1	42	40808600	40829200	1	1	1
Trbv1	42	40930000	40951600	1	1	1
Trbv1	42	40829600	40850400	1	1	1
Trbv1	42	40998800	41016400	1	1	1
Trbv1	42	41005600	41022600	1	1	1
Trbv1	42	40934200	40955200	1	1	1
Trbv1	42	40963400	41013400	1	1	1
Trbv1	42	40958800	41009400	1	1	1
Trbv1	42	41602200	41612000	0.475534	0.00413997	0.0142344
Trbv1	42	41657200	41677600	0.972363	0.746342	0.958378
Trbv1	42	40940000	40960600	1	1	1
Trbv1	42	41620400	41645400	1	1	1
Trbv1	42	40852000	40870400	1	1	1
Trbv1	42	41616200	41639400	1	1	1
Trbv1	42	41571800	41580600	4.36773e-20	3.40196e-19	1.3091e-36
Trbv1	42	40811000	40830400	1	1	1
Trbv1	42	41562000	41571000	9.72317e-11	3.08486e-13	1.58555e-21
Trbv1	42	40800200	40817200	1	1	1
Trbv1	42	41590400	41599200	3.05928e-23	5.55236e-21	1.68981e-41
Trbv1	42	40905000	40929600	1	1	1
Trbv1	42	41608600	41621400	0.972363	0.253658	0.591904
Trbv1	42	41598600	41608000	1.3393e-07	7.45141e-11	4.00645e-16
Trbv1	42	41639600	41665000	1	1	1
Trbv1	42	40826200	40846600	1	1	1
Trbv1	42	40931000	40953800	1	1	1
Trbv1	42	41563600	41572200	3.59313e-15	3.23953e-16	8.13941e-29
Trbv1	42	41624000	41649600	1	1	1
Trbv1	42	41615600	41634600	1	1	1
Trbv1	42	41661400	41680200	0.972363	0.746342	0.958378
Trbv1	42	41607400	41618400	0.972363	0.253658	0.591904
Trbv1	42	41000000	41016800	1	1	1
Trbv1	42	40954600	41003800	1	1	1
Trbv1	42	40833400	40852600	1	1	1
Trbv1	42	41630800	41658400	1	1	1
Trbv1	42	41588800	41597600	3.57554e-22	2.18891e-20	7.48617e-40
Trbv1	42	41569800	41578600	4.02726e-21	8.62936e-20	3.1923e-38
Trbv1	42	41588400	41597200	3.57554e-22	2.18891e-20	7.48617e-40
Trbv1	42	41589400	41598200	4.36773e-20	3.40196e-19	1.3091e-36
Trbv1	42	40812000	40831800	1	1	1
Trbv1	42	41586600	41595200	4.36773e-20	3.40196e-19	1.3091e-36
Trbv1	42	40794400	40814800	1	1	1
Trbv1	42	41607800	41619200	0.972363	0.253658	0.591904
Trbv1	42	41612400	41630200	1	1	1
Trbv1	42	40818400	40840200	1	1	1
Trbv1	42	40914000	40934200	1	1	1
Trbv1	42	41564200	41573000	4.39962e-17	2.0844e-17	7.06793e-32
Trbv1	42	40942400	40962200	1	1	1
Trbv1	42	40995200	41016000	1	1	1
Trbv1	42	41581800	41590400	4.02726e-21	8.62936e-20	3.1923e-38
Trbv1	42	41013400	41033000	1	1	1
Trbv1	42	41666600	41688000	0.972363	0.746342	0.958378
Trbv1	42	41631800	41662400	1	1	1
Trbv1	42	40934000	40954800	1	1	1
Trbv1	42	41606800	41617000	0.972363	0.253658	0.591904
Trbv1	42	40804400	40823800	1	1	1
Trbv1	42	40963000	41012800	1	1	1
Trbv1	42	40922400	40941600	1	1	1
Trbv1	42	40807600	40828000	1	1	1
Trbv1	42	40908000	40933200	1	1	1
Trbv1	42	41603200	41614200	0.972363	0.253658	0.591904
Trbv1	42	41015600	41035200	1	1	1
Trbv1	42	41577600	41586400	4.36773e-20	3.40196e-19	1.3091e-36
Trbv1	42	40814000	40835600	1	1	1
Trbv1	42	40922200	40941400	1	1	1
Trbv1	42	40914800	40934600	1	1	1
Trbv1	42	41633800	41663200	1	1	1
Trbv1	42	40922800	40942600	1	1	1
Trbv1	42	41617400	41642600	1	1	1
Trbv1	42	41621400	41648000	1	1	1
Trbv1	42	41602000	41611600	0.283256	0.00105014	0.00271289
Trbv1	42	40813800	40835000	1	1	1
Trbv1	42	40938200	40958200	1	1	1
Trbv1	42	41568000	41576800	4.36773e-20	3.40196e-19	1.3091e-36
Trbv1	42	40796000	40815400	1	1	1
Trbv1	42	41627600	41652600	1	1	1
Trbv1	42	40955200	41004800	1	1	1
Trbv1	42	41000800	41017200	1	1	1
Trbv1	42	41606200	41616400	0.972363	0.253658	0.591904
Trbv1	42	41570600	41579200	4.36773e-20	3.40196e-19	1.3091e-36
Trbv1	42	40807400	40827400	1	1	1
Trbv1	42	41606400	41616600	0.972363	0.253658	0.591904
Trbv1	42	41579000	41587800	4.56974e-18	5.28726e-18	1.95002e-33
Trbv1	42	41623000	41649000	1	1	1
Trbv1	42	41578800	41587600	4.56974e-18	5.28726e-18	1.95002e-33
Trbv1	42	41664000	41683600	0.972363	0.746342	0.958378
Trbv1	42	41621000	41647400	1	1	1
Trbv1	42	41584800	41593400	3.57554e-22	2.18891e-20	7.48617e-40
Trbv1	42	40853600	40872200	1	1	1
Trbv1	42	40936400	40957000	1	1	1
Trbv1	42	41010400	41027400	1	1	1
Trbv1	42	41601600	41611200	0.147079	0.000266377	0.000436738
Trbv1	42	41598400	41607800	2.39712e-08	1.89011e-11	1.95905e-17
Trbv1	42	41600600	41610200	0.00326508	1.10279e-06	7.36061e-08
Trbv1	42	40947800	40964800	1	1	1
Trbv1	42	40943600	40963200	1	1	1
Trbv1	42	40810600	40830000	1	1	1
Trbv1	42	40841400	40862600	1	1	1
Trbv1	42	41012400	41029400	1	1	1
Trbv1	42	40840400	40860000	1	1	1
Trbv1	42	41562600	41571600	2.45799e-13	5.03482e-15	7.79122e-26
Trbv1	42	41649400	41673600	0.972363	0.746342	0.958378
Trbv1	42	41582000	41590600	3.57554e-22	2.18891e-20	7.48617e-40
Trbv1	42	41572200	41581000	4.56974e-18	5.28726e-18	1.95002e-33
Trbv1	42	41587800	41596400	3.05928e-23	5.55236e-21	1.68981e-41
Trbv1	42	41614000	41631000	1	1	1
Trbv1	42	40837800	40856200	1	1	1
Trbv1	42	40796200	40815600	1	1	1
Trbv1	42	41602400	41612200	0.69142	0.016321	0.0618888
Trbv1	42	41565200	41574000	4.55711e-19	1.34116e-18	5.15747e-35
Trbv1	42	40839400	40858000	1	1	1
Trbv1	42	41566600	41575400	4.36773e-20	3.40196e-19	1.3091e-36
Trbv1	42	41569000	41577800	3.57554e-22	2.18891e-20	7.48617e-40
Trbv1	42	41645600	41669800	1	1	1
Trbv1	42	40924800	40945600	1	1	1
Trbv1	42	41629400	41654000	1	1	1
Trbv1	42	41575000	41583600	4.06238e-16	8.21735e-17	2.45282e-30
Trbv1	42	40848600	40866400	1	1	1
Trbv1	42	41598800	41608200	7.03217e-07	2.93758e-10	7.66722e-15
Trbv1	42	41573600	41582200	3.59313e-15	3.23953e-16	8.13941e-29
Trbv1	42	41571200	41580000	4.02726e-21	8.62936e-20	3.1923e-38
Trbv1	42	40857400	40877400	1	1	1
Trbv1	42	40823600	40842200	1	1	1
Trbv1	42	41576200	41585000	4.56974e-18	5.28726e-18	1.95002e-33
Trbv1	42	41599800	41609400	0.000977873	2.79732e-07	6.29684e-09
Trbv1	42	40926800	40949200	1	1	1
Trbv1	42	41620800	41645800	1	1	1
Trbv1	42	40958000	41007800	1	1	1
Trbv1	42	41665200	41686000	0.972363	0.746342	0.958378
Trbv1	42	41605200	41615600	0.972363	0.253658	0.591904
Trbv1	42	41611800	41629600	1	1	1
Trbv1	42	40838400	40857200	1	1	1
Trbv1	42	40957200	41006000	1	1	1
Trbv1	42	40960000	41010600	1	1	1
Trbv1	42	40921200	40939800	1	1	1
Trbv1	42	40798200	40816000	1	1	1
Trbv1	42	41600200	41609800	0.000977873	2.79732e-07	6.29684e-09
Trbv1	42	40929000	40951000	1	1	1
Trbv1	42	41569600	41578400	4.02726e-21	8.62936e-20	3.1923e-38
Trbv1	42	40906000	40930800	1	1	1
Trbv1	42	41600800	41610400	0.0099259	4.34754e-06	7.74968e-07
Trbv1	42	41591400	41600200	3.57554e-22	2.18891e-20	7.48617e-40
Trbv1	42	40948800	40966600	1	1	1
Trbv1	42	41621800	41648600	1	1	1
Trbv1	42	40937000	40957800	1	1	1
Trbv1	42	41607600	41618800	0.972363	0.253658	0.591904
Trbv1	42	40964000	41013800	1	1	1
Trbv1	42	41614200	41631200	1	1	1
Trbv1	42	41652000	41674800	0.972363	0.746342	0.958378
Trbv1	42	40793000	40814600	1	1	1
Trbv1	42	41570200	41579000	4.02726e-21	8.62936e-20	3.1923e-38
Trbv1	42	41615000	41633000	1	1	1
Trbv1	42	41572000	41580800	4.55711e-19	1.34116e-18	5.15747e-35
Trbv1	42	41583200	41592000	3.57554e-22	2.18891e-20	7.48617e-40
Trbv1	42	40818600	40840600	1	1	1
Trbv1	42	40802600	40822000	1	1	1
Trbv1	42	41629800	41657200	1	1	1
Trbv1	42	40802400	40821400	1	1	1
Trbv1	42	41599600	41609200	0.000268347	7.09565e-08	4.89056e-10
Trbv1	42	41665600	41686400	0.972363	0.746342	0.958378
Trbv1	42	40832200	40852200	1	1	1
Trbv1	42	41583800	41592400	3.57554e-22	2.18891e-20	7.48617e-40
Trbv1	42	41566400	41575200	4.36773e-20	3.40196e-19	1.3091e-36
Trbv1	42	40831600	40851400	1	1	1
Trbv1	42	41667200	41689400	0.972363	0.746342	0.958378
Trbv1	42	40813200	40833600	1	1	1
Trbv1	42	40926600	40949000	1	1	1
Trbv1	42	41590800	41599600	3.05928e-23	5.55236e-21	1.68981e-41
Trbv1	42	41577200	41586000	4.36773e-20	3.40196e-19	1.3091e-36
Trbv1	42	40815800	40838400	1	1	1
Trbv1	42	40933000	40954400	1	1	1
Trbv1	42	41014200	41033800	1	1	1
Trbv1	42	40804600	40824200	1	1	1
Trbv1	42	41596400	41605600	1.89561e-12	1.98488e-14	2.24031e-24
Trbv1	42	41595800	41604800	3.59313e-15	3.23953e-16	8.13941e-29
Trbv1	42	40824400	40844000	1	1	1
Trbv1	42	41623600	41649400	1	1	1
Trbv1	42	41571600	41580400	4.36773e-20	3.40196e-19	1.3091e-36
Trbv1	42	40844400	40864200	1	1	1
Trbv1	42	40906200	40931200	1	1	1
Trbv1	42	41570000	41578800	4.02726e-21	8.62936e-20	3.1923e-38
Trbv1	42	41566800	41575600	4.02726e-21	8.62936e-20	3.1923e-38
Trbv1	42	40828200	40848800	1	1	1
Trbv1	42	40915800	40936000	1	1	1
Trbv1	42	40945000	40964200	1	1	1
Trbv1	42	40840000	40859400	1	1	1
Trbv1	42	41010600	41027600	1	1	1
Trbv1	42	40806000	40825400	1	1	1
Trbv1	42	41647200	41670000	1	1	1
Trbv1	42	40840800	40861200	1	1	1
Trbv1	42	40856000	40875000	1	1	1
Trbv1	42	40792800	40814200	1	1	1
Trbv1	42	40829800	40850800	1	1	1
Trbv1	42	41585800	41594400	4.36773e-20	3.40196e-19	1.3091e-36
Trbv1	42	40960600	41012000	1	1	1
Trbv1	42	41002800	41018800	1	1	1
Trbv1	42	41581000	41589600	4.36773e-20	3.40196e-19	1.3091e-36
Trbv1	42	40935200	40955600	1	1	1
Trbv1	42	40949000	40995400	1	1	1
Trbv1	42	41597800	41607200	6.44327e-10	1.21615e-12	3.8865e-20
Trbv1	42	40905200	40930200	1	1	1
Trbv1	42	40924200	40945200	1	1	1
Trbv1	42	41567800	41576600	4.02726e-21	8.62936e-20	3.1923e-38
Trbv1	42	41600400	41610000	0.000977873	2.79732e-07	6.29684e-09
Trbv1	42	41013600	41033400	1	1	1
Trbv1	42	40918200	40938800	1	1	1
Trbv1	42	40842000	40862800	1	1	1
Trbv1	42	41579400	41588000	4.56974e-18	5.28726e-18	1.95002e-33
Trbv1	42	41562200	41571200	1.39234e-11	7.82502e-14	6.12046e-23
Trbv1	42	41664600	41684400	0.972363	0.746342	0.958378
Trbv1	42	40800800	40818200	1	1	1
Trbv1	42	40954200	41003400	1	1	1
Trbv1	42	41566200	41575000	4.55711e-19	1.34116e-18	5.15747e-35
Trbv1	42	41657000	41677400	0.972363	0.746342	0.958378
Trbv1	42	41619000	41645000	1	1	1
Trbv1	42	41016200	41035800	1	1	1
Trbv1	42	41567400	41576200	4.02726e-21	8.62936e-20	3.1923e-38
Trbv1	42	41658200	41679200	0.972363	0.746342	0.958378
Trbv1	42	40931600	40954000	1	1	1
Trbv1	42	41568800	41577600	4.02726e-21	8.62936e-20	3.1923e-38
Trbv1	42	41565800	41574600	4.36773e-20	3.40196e-19	1.3091e-36
Trbv1	42	40829200	40849800	1	1	1
Trbv1	42	40939600	40960200	1	1	1
Trbv1	42	41000200	41017000	1	1	1
Trbv1	42	41595000	41603600	4.55711e-19	1.34116e-18	5.15747e-35
Trbv1	42	40845200	40864600	1	1	1
Trbv1	42	41584600	41593200	3.57554e-22	2.18891e-20	7.48617e-40
Trbv1	42	41569400	41578200	4.02726e-21	8.62936e-20	3.1923e-38
Trbv1	42	41572800	41581400	4.56974e-18	5.28726e-18	1.95002e-33
Trbv1	42	41571000	41579800	4.02726e-21	8.62936e-20	3.1923e-38
Trbv1	42	40965000	41014600	1	1	1
Trbv1	42	40798800	40816400	1	1	1
Trbv1	42	41009200	41026400	1	1	1
Trbv1	42	40932000	40954200	1	1	1
Trbv1	42	41648000	41671000	0.972363	0.746342	0.958378
Trbv1	42	41649800	41673800	0.972363	0.746342	0.958378
Trbv1	42	41593400	41602000	4.55711e-19	1.34116e-18	5.15747e-35
Trbv1	42	41578600	41587400	4.55711e-19	1.34116e-18	5.15747e-35
Trbv1	42	40859800	40878600	1	1	1
Trbv1	42	41631000	41660800	1	1	1
Trbv1	42	41650000	41674000	0.972363	0.746342	0.958378
Trbv1	42	41575800	41584600	4.39962e-17	2.0844e-17	7.06793e-32
Trbv1	42	41644200	41667000	1	1	1
Trbv1	42	40859200	40878200	1	1	1
Trbv1	42	40841000	40861800	1	1	1
Trbv1	42	41616000	41638800	1	1	1
Trbv1	42	40837600	40856000	1	1	1
Trbv1	42	41605400	41615800	0.972363	0.253658	0.591904
Trbv1	42	41578000	41586800	4.55711e-19	1.34116e-18	5.15747e-35
Trbv1	42	41595200	41604000	4.56974e-18	5.28726e-18	1.95002e-33
Trbv1	42	41615200	41633800	1	1	1
Trbv1	42	40816200	40838600	1	1	1
Trbv1	42	41590200	41599000	3.05928e-23	5.55236e-21	1.68981e-41
Trbv1	42	41573000	41581600	4.39962e-17	2.0844e-17	7.06793e-32
Trbv1	42	41573200	41581800	4.06238e-16	8.21735e-17	2.45282e-30
Trbv1	42	41578400	41587200	4.36773e-20	3.40196e-19	1.3091e-36
Trbv1	42	41005400	41022400	1	1	1
Trbv1	42	41666800	41688600	0.972363	0.746342	0.958378
Trbv1	42	41004600	41021200	1	1	1
Trbv1	42	41666200	41686600	0.972363	0.746342	0.958378
Trbv1	42	40848200	40866000	1	1	1
Trbv1	42	40854000	40872600	1	1	1
Trbv1	42	41016800	41036600	1	1	1
Trbv1	42	41584400	41593000	3.57554e-22	2.18891e-20	7.48617e-40
Trbv1	42	41587000	41595600	4.02726e-21	8.62936e-20	3.1923e-38
Trbv1	42	41649200	41673400	0.972363	0.746342	0.958378
Trbv1	42	41573800	41582400	3.59313e-15	3.23953e-16	8.13941e-29
Trbv1	42	40945400	40964400	1	1	1
Trbv1	42	40791000	40812400	1	1	1
Trbv1	42	40848400	40866200	1	1	1
Trbv1	42	41614600	41631800	1	1	1
Trbv1	42	41003400	41020200	1	1	1
Trbv1	42	41616800	41642200	1	1	1
Trbv1	42	41607000	41617600	0.972363	0.253658	0.591904
Trbv1	42	40839000	40857600	1	1	1
Trbv1	42	40852400	40870800	1	1	1
Trbv1	42	40836200	40855000	1	1	1
Trbv1	42	40838800	40857400	1	1	1
Trbv1	42	41591000	41599800	3.05928e-23	5.55236e-21	1.68981e-41
Trbv1	42	41642600	41666800	1	1	1
Trbv1	42	41577000	41585800	4.36773e-20	3.40196e-19	1.3091e-36
Trbv1	42	40953800	41003000	1	1	1
Trbv1	42	40790600	40812200	1	1	1
Trbv1	42	41568200	41577000	4.36773e-20	3.40196e-19	1.3091e-36
Trbv1	42	41598000	41607400	4.04326e-09	4.79443e-12	8.99273e-19
Trbv1	42	41604600	41615200	0.972363	0.253658	0.591904
Trbv1	42	41577400	41586200	4.36773e-20	3.40196e-19	1.3091e-36
Trbv1	42	40928400	40949800	1	1	1
Trbv1	42	40810400	40829800	1	1	1
Trbv1	42	40799400	40816800	1	1	1
Trbv1	42	40818000	40839800	1	1	1
Trbv1	42	41590600	41599400	3.05928e-23	5.55236e-21	1.68981e-41
Trbv1	42	41664200	41683800	0.972363	0.746342	0.958378
Trbv1	42	41576600	41585400	4.55711e-19	1.34116e-18	5.15747e-35
Trbv1	42	40816400	40839000	1	1	1
Trbv1	42	40808400	40828400	1	1	1
Trbv1	42	40915400	40935400	1	1	1
Trbv1	42	41588000	41596600	3.05928e-23	5.55236e-21	1.68981e-41
Trbv1	42	40916600	40936800	1	1	1
Trbv1	42	40906600	40932200	1	1	1
Trbv1	42	40792600	40814000	1	1	1
Trbv1	42	41601800	41611400	0.283256	0.00105014	0.00271289
Trbv1	42	40806600	40826400	1	1	1
Trbv1	42	41662400	41682600	0.972363	0.746342	0.958378
Trbv1	42	40917600	40937200	1	1	1
Trbv1	42	41584200	41592800	3.57554e-22	2.18891e-20	7.48617e-40
Trbv1	42	41001000	41017400	1	1	1
Trbv1	42	41642400	41666400	1	1	1
Trbv1	42	41006600	41024400	1	1	1
Trbv1	42	41570800	41579600	4.36773e-20	3.40196e-19	1.3091e-36
Trbv1	42	41581600	41590200	4.36773e-20	3.40196e-19	1.3091e-36
Trbv1	42	41567200	41576000	4.02726e-21	8.62936e-20	3.1923e-38
Trbv1	42	41648800	41672400	0.972363	0.746342	0.958378
Trbv1	42	40939200	40959200	1	1	1
Trbv1	42	41610200	41624200	1	1	1
Trbv1	42	41609000	41621600	0.972363	0.253658	0.591904
Trbv1	42	40950800	41000400	1	1	1
Trbv1	42	40938600	40959000	1	1	1
Trbv1	42	40966400	41015800	1	1	1
Trbv1	42	41575600	41584400	4.06238e-16	8.21735e-17	2.45282e-30
Trbv1	42	41597200	41606600	1.39234e-11	7.82502e-14	6.12046e-23
Trbv1	42	41614400	41631600	1	1	1
Trbv1	42	41593800	41602400	4.36773e-20	3.40196e-19	1.3091e-36
Trbv1	42	41576400	41585200	4.55711e-19	1.34116e-18	5.15747e-35
Trbv1	42	40792400	40813800	1	1	1
Trbv1	42	41018600	41038400	1	1	1
Trbv1	42	40813000	40832400	1	1	1
Trbv1	42	41645200	41669400	1	1	1
Trbv1	42	41653800	41675800	0.972363	0.746342	0.958378
Trbv1	42	41607200	41618200	0.972363	0.253658	0.591904
Trbv1	42	40835800	40854400	1	1	1
Trbv1	42	41616600	41640000	1	1	1
Trbv1	42	41003600	41020400	1	1	1
Trbv1	42	40843800	40863200	1	1	1
Trbv1	42	40834000	40852800	1	1	1
Trbv1	42	41585600	41594200	4.02726e-21	8.62936e-20	3.1923e-38
Trbv1	42	40925600	40948200	1	1	1
Trbv1	42	41582600	41591200	3.57554e-22	2.18891e-20	7.48617e-40
Trbv1	42	41592800	41601400	4.36773e-20	3.40196e-19	1.3091e-36
Trbv1	42	41648400	41671800	0.972363	0.746342	0.958378
Trbv1	42	40857200	40877000	1	1	1
Trbv1	42	40927600	40949600	1	1	1
Trbv1	42	41609800	41623200	1	1	1
Trbv1	42	40816600	40839200	1	1	1
Trbv1	42	40906400	40931800	1	1	1
Trbv1	42	40965400	41015400	1	1	1
Trbv1	42	40848800	40866600	1	1	1
Trbv1	42	41572600	41581200	4.56974e-18	5.28726e-18	1.95002e-33
Trbv1	42	40825200	40844600	1	1	1
Trbv1	42	41609200	41621800	0.972363	0.253658	0.591904
Trbv1	42	40916200	40936600	1	1	1
Trbv1	42	41615400	41634000	1	1	1
Trbv1	42	41565400	41574200	4.55711e-19	1.34116e-18	5.15747e-35
Trbv1	42	40936600	40957400	1	1	1
Trbv1	42	40954400	41003600	1	1	1
Trbv1	42	40948600	40965600	1	1	1
Trbv1	42	41599000	41608400	3.45917e-06	1.15808e-09	1.36809e-13
Trbv1	42	41631600	41662200	1	1	1
Trbv1	42	41005200	41022000	1	1	1
Trbv1	42	41656000	41676400	0.972363	0.746342	0.958378
Trbv1	42	41562800	41571800	3.04046e-14	1.27712e-15	2.57905e-27
Trbv1	42	40840600	40861000	1	1	1
Trbv1	42	40791200	40813200	1	1	1
Trbv1	42	41662800	41683200	0.972363	0.746342	0.958378
Trbv1	42	40849600	40867400	1	1	1
Trbv1	42	40920400	40939400	1	1	1
Trbv1	42	41601000	41610600	0.0272753	1.71394e-05	7.28145e-06
Trbv1	42	40857800	40877800	1	1	1
Trbv1	42	40964600	41014400	1	1	1
Trbv1	42	41651200	41674600	0.972363	0.746342	0.958378
Trbv1	42	41589000	41597800	4.02726e-21	8.62936e-20	3.1923e-38
Trbv1	42	40960400	41011400	1	1	1
Trbv1	42	41589800	41598600	3.57554e-22	2.18891e-20	7.48617e-40
Trbv1	42	40953600	41002800	1	1	1
Trbv1	42	41597600	41607000	6.44327e-10	1.21615e-12	3.8865e-20
Trbv1	42	40960200	41010800	1	1	1
Trbv1	42	41580400	41589000	4.55711e-19	1.34116e-18	5.15747e-35
Trbv1	42	40928800	40950800	1	1	1
Trbv1	42	41596200	41605400	2.45799e-13	5.03482e-15	7.79122e-26
Trbv1	42	40851200	40869400	1	1	1
Trbv1	42	41642000	41665800	1	1	1
Trbv1	42	41597400	41606800	9.72317e-11	3.08486e-13	1.58555e-21
Trbv1	42	41616400	41639800	1	1	1
Trbv1	42	41644600	41667400	1	1	1
Trbv1	42	40827800	40848400	1	1	1
Trbv1	42	40814600	40836400	1	1	1
Trbv1	42	41583000	41591600	3.57554e-22	2.18891e-20	7.48617e-40
Trbv1	42	41647400	41670400	1	1	1
Trbv1	42	40855800	40874800	1	1	1
Trbv1	42	41608400	41621200	0.972363	0.253658	0.591904
Trbv1	42	41586000	41594600	4.36773e-20	3.40196e-19	1.3091e-36
Trbv1	42	41662000	41680800	0.972363	0.746342	0.958378
Trbv1	42	41594600	41603200	4.36773e-20	3.40196e-19	1.3091e-36
Trbv1	42	40956800	41005800	1	1	1
Trbv1	42	40790400	40811200	1	1	1
Trbv1	42	40963600	41013600	1	1	1
Trbv1	42	41599400	41608800	6.78522e-05	1.79987e-08	3.47216e-11
Trbv1	42	41581200	41589800	4.55711e-19	1.34116e-18	5.15747e-35
Trbv1	42	41612000	41629800	1	1	1
Trbv1	42	40815000	40837400	1	1	1
Trbv1	42	41604800	41615400	0.972363	0.253658	0.591904
Trbv1	42	40852600	40871200	1	1	1
Trbv1	42	41588200	41596800	3.57554e-22	2.18891e-20	7.48617e-40
Trbv1	42	41563800	41572400	4.06238e-16	8.21735e-17	2.45282e-30
Trbv1	42	40847000	40865800	1	1	1
Trbv1	42	41012600	41029600	1	1	1
Trbv1	42	41576000	41584800	4.39962e-17	2.0844e-17	7.06793e-32
Trbv1	42	40999800	41016600	1	1	1
Trbv1	42	41604000	41614800	0.972363	0.253658	0.591904
Trbv1	42	41019400	41038800	1	1	1
Trbv1	42	41587400	41596000	3.57554e-22	2.18891e-20	7.48617e-40
Trbv1	42	41604400	41615000	0.972363	0.253658	0.591904
Trbv1	42	41015200	41034600	1	1	1
Trbv1	42	40933200	40954600	1	1	1
Trbv1	42	41644800	41668200	1	1	1
Trbv1	42	41618000	41642800	1	1	1
Trbv1	42	41011200	41027800	1	1	1
Trbv1	42	40856200	40875200	1	1	1
Trbv1	42	41630000	41657400	1	1	1
Trbv1	42	40839600	40858600	1	1	1
Trbv1	42	41611400	41629200	1	1	1
Trbv1	42	40827200	40847200	1	1	1
Trbv1	42	40939800	40960400	1	1	1
Trbv1	42	41017200	41037200	1	1	1
Trbv1	42	41583400	41592200	3.57554e-22	2.18891e-20	7.48617e-40
Trbv1	42	41627000	41652200	1	1	1
Trbv1	42	40855000	40873400	1	1	1
Trbv1	42	40954000	41003200	1	1	1
Trbv1	42	40926000	40948800	1	1	1
Trbv1	42	41621600	41648200	1	1	1
Trbv1	42	41612200	41630000	1	1	1
Trbv1	42	41014400	41034000	1	1	1
Trbv1	42	41638600	41664400	1	1	1
Trbv1	42	41580600	41589200	4.55711e-19	1.34116e-18	5.15747e-35
Trbv1	42	40923400	40945000	1	1	1
Trbv1	42	40829000	40849000	1	1	1
Trbv1	42	41017400	41037400	1	1	1
Trbv1	42	41597000	41606400	1.89561e-12	1.98488e-14	2.24031e-24
Trbv1	42	41565600	41574400	4.36773e-20	3.40196e-19	1.3091e-36
Trbv1	42	40855200	40874000	1	1	1
Trbv1	42	40850600	40868400	1	1	1
Trbv1	42	41625000	41650200	1	1	1
Trbv1	42	41568600	41577400	4.36773e-20	3.40196e-19	1.3091e-36
Trbv1	42	41610600	41625200	1	1	1
Trbv1	42	41601400	41611000	0.0671964	6.75687e-05	6.03983e-05
Trbv1	42	41591800	41600400	4.02726e-21	8.62936e-20	3.1923e-38
Trbv1	42	41019800	41039000	1	1	1
Trbv1	42	40914200	40934400	1	1	1
Trbv1	42	40962000	41012600	1	1	1
Trbv1	42	40957600	41006800	1	1	1
Trbv1	42	41647800	41670600	1	1	1
Trbv1	42	40807200	40827200	1	1	1
Trbv1	42	41574400	41583000	3.59313e-15	3.23953e-16	8.13941e-29
Trbv1	42	40834800	40853800	1	1	1
Trbv1	42	40944800	40963800	1	1	1
Trbv1	42	41014000	41033600	1	1	1
Trbv1	42	41005800	41022800	1	1	1
Trbv1	42	41585200	41593800	4.02726e-21	8.62936e-20	3.1923e-38
Trbv1	42	40936800	40957600	1	1	1
Trbv1	42	41563000	41572000	3.04046e-14	1.27712e-15	2.57905e-27
Trbv1	42	40938400	40958600	1	1	1
Trbv1	42	41020000	41039400	1	1	1
Trbv1	42	41596000	41605000	3.04046e-14	1.27712e-15	2.57905e-27
Trbv1	42	40846600	40865000	1	1	1
Trbv1	42	40958400	41008400	1	1	1
Trbv1	42	41010000	41026800	1	1	1
Trbv1	42	41663000	41683400	0.972363	0.746342	0.958378
Trbv1	42	40857000	40876600	1	1	1
Trbv1	42	40925200	40948000	1	1	1
Trbv1	42	41610800	41625400	1	1	1
Trbv1	42	40953000	41001400	1	1	1
Trbv1	42	40949600	41000000	1	1	1
Trbv1	42	40843000	40863000	1	1	1
Trbv1	42	40835400	40854200	1	1	1
Trbv1	42	41652400	41675000	0.972363	0.746342	0.958378
Trbv1	42	40948000	40965200	1	1	1
Trbv1	42	41582200	41590800	3.57554e-22	2.18891e-20	7.48617e-40
Trbv1	42	41613800	41630800	1	1	1
Trbv1	42	40813600	40834200	1	1	1
Trbv1	42	41611200	41627800	1	1	1
Trbv1	42	41586400	41595000	4.55711e-19	1.34116e-18	5.15747e-35
Trbv1	42	40815200	40837600	1	1	1
Trbv1	42	41603400	41614400	0.972363	0.253658	0.591904
Trbv1	42	40930600	40953200	1	1	1
Trbv1	42	41632800	41662600	1	1	1
Trbv1	42	40923200	40944200	1	1	1
Trbv1	42	41657400	41678400	0.972363	0.746342	0.958378
Trbv1	42	40923000	40943800	1	1	1
Trbv1	42	41585000	41593600	4.02726e-21	8.62936e-20	3.1923e-38
Trbv1	42	40854800	40873000	1	1	1
Trbv1	42	41609600	41623000	0.972363	0.253658	0.591904
Trbv1	42	41611000	41627200	1	1	1
Trbv1	42	40799200	40816600	1	1	1
Trbv1	42	41600000	41609600	0.000977873	2.79732e-07	6.29684e-09
Trbv1	42	41571400	41580200	4.02726e-21	8.62936e-20	3.1923e-38
Trbv1	42	40802000	40818600	1	1	1
Trbv1	42	41593600	41602200	4.36773e-20	3.40196e-19	1.3091e-36
Trbv1	42	40808000	40828200	1	1	1
Trbv1	42	41577800	41586600	4.55711e-19	1.34116e-18	5.15747e-35
Trbv1	42	40830200	40851000	1	1	1
Trbv1	42	41013200	41030800	1	1	1
Trbv1	42	40860800	40879000	1	1	1
Trbv1	42	41002600	41017800	1	1	1
Trbv1	42	40922000	40940200	1	1	1
Trbv1	42	41652600	41675600	0.972363	0.746342	0.958378
Trbv1	42	40824000	40843200	1	1	1
Trbv1	42	41586200	41594800	4.36773e-20	3.40196e-19	1.3091e-36
Trbv1	42	40804000	40823600	1	1	1
Trbv1	42	40795400	40815200	1	1	1
Trbv1	42	40934400	40955400	1	1	1
Trbv1	42	40806400	40825800	1	1	1
Trbv1	42	41290400	41313000	1	1	1
Trbv1	42	41004000	41021000	1	1	1
Trbv1	42	41592200	41600800	4.02726e-21	8.62936e-20	3.1923e-38
Trbv1	42	41594800	41603400	4.55711e-19	1.34116e-18	5.15747e-35
Trbv1	42	40858400	40878000	1	1	1
Trbv1	42	40828000	40848600	1	1	1
Trbv1	42	40821200	40840800	1	1	1
Trbv1	42	41660600	41679600	0.972363	0.746342	0.958378
Trbv1	42	41603800	41614600	0.972363	0.253658	0.591904
Trbv1	42	40821800	40841000	1	1	1
Trbv1	42	41603000	41614000	0.972363	0.253658	0.591904
Trbv1	42	40822400	40841200	1	1	1
Trbv1	42	40837400	40855400	1	1	1
Trbv1	42	41584000	41592600	3.57554e-22	2.18891e-20	7.48617e-40
Trbv1	42	41589600	41598400	4.02726e-21	8.62936e-20	3.1923e-38
Trbv1	42	40838200	40856400	1	1	1
Trbv1	42	40941200	40960800	1	1	1
Trbv1	42	41625200	41651400	1	1	1
Trbv1	42	41567000	41575800	4.02726e-21	8.62936e-20	3.1923e-38
Trbv1	42	41668000	41689600	0.972363	0.746342	0.958378
Trbv1	42	41587600	41596200	3.05928e-23	5.55236e-21	1.68981e-41
Trbv1	42	41582400	41591000	3.57554e-22	2.18891e-20	7.48617e-40
Trbv1	42	41579800	41588400	4.56974e-18	5.28726e-18	1.95002e-33
Trbv1	42	41566000	41574800	4.55711e-19	1.34116e-18	5.15747e-35
Trbv1	42	41579600	41588200	4.56974e-18	5.28726e-18	1.95002e-33
Trbv1	42	41017600	41038200	1	1	1
Trbv1	42	41011800	41028400	1	1	1
Trbv1	42	40791800	40813400	1	1	1
Trbv1	42	40913600	40933400	1	1	1
Trbv1	42	40861000	40879400	1	1	1
Trbv1	42	40815400	40837800	1	1	1
Trbv1	42	41564000	41572800	4.06238e-16	8.21735e-17	2.45282e-30
Trbv1	42	41580800	41589400	4.36773e-20	3.40196e-19	1.3091e-36
Trbv1	42	41639200	41664800	1	1	1
Trbv1	42	41007600	41024600	1	1	1
Trbv1	42	41618200	41644400	1	1	1
Trbv1	42	40805800	40824600	1	1	1
Trbv1	42	41592000	41600600	4.02726e-21	8.62936e-20	3.1923e-38
Trbv1	42	41592600	41601200	4.02726e-21	8.62936e-20	3.1923e-38
Trbv1	42	41629000	41652800	1	1	1
Trbv1	42	41614800	41632000	1	1	1
Trbv1	42	40935800	40956400	1	1	1
Trbv1	42	41598200	41607600	4.04326e-09	4.79443e-12	8.99273e-19
Trbv1	42	40790200	40810800	1	1	1
Trbv1	42	40949400	40999000	1	1	1
Trbv1	42	41602600	41612400	0.872125	0.0643426	0.217745
Trbv1	42	40814400	40836000	1	1	1
Trbv1	42	41586800	41595400	4.02726e-21	8.62936e-20	3.1923e-38
Trbv1	42	41593000	41601600	4.36773e-20	3.40196e-19	1.3091e-36
Trbv1	42	41565000	41573800	4.56974e-18	5.28726e-18	1.95002e-33
Trbv1	42	41003200	41020000	1	1	1
Trbv1	42	41590000	41598800	3.57554e-22	2.18891e-20	7.48617e-40
Trbv1	42	40959000	41010200	1	1	1
Trbv1	42	40950600	41000200	1	1	1
Trbv1	42	41016400	41036000	1	1	1
Trbv1	42	40815600	40838000	1	1	1
Trbv1	42	41618600	41644800	1	1	1
Trbv1	42	40809800	40829400	1	1	1
Trbv1	42	41581400	41590000	4.36773e-20	3.40196e-19	1.3091e-36
Trbv1	42	41596600	41606200	1.89561e-12	1.98488e-14	2.24031e-24
Trbv1	42	40851800	40870000	1	1	1
Trbv1	42	41003000	41019600	1	1	1
Trbv1	42	41569200	41578000	3.57554e-22	2.18891e-20	7.48617e-40
Trbv1	42	41624200	41650000	1	1	1
Trbv1	42	40802200	40818800	1	1	1
Trbv1	42	40850200	40867600	1	1	1
Trbv1	42	40803400	40822600	1	1	1
Trbv1	42	40960800	41012400	1	1	1
Trbv1	42	41008200	41025400	1	1	1
Trbv1	42	40827000	40846800	1	1	1
Trbv1	42	41580200	41588800	4.56974e-18	5.28726e-18	1.95002e-33
Trbv1	42	41633600	41663000	1	1	1
Trbv1	42	41585400	41594000	4.02726e-21	8.62936e-20	3.1923e-38
Trbv1	42	40861600	40879800	1	1	1
Trbv1	42	41608000	41620600	0.972363	0.253658	0.591904
Trbv1	42	41606000	41616200	0.972363	0.253658	0.591904
Trbv1	42	41594000	41602600	4.36773e-20	3.40196e-19	1.3091e-36
Trbv1	42	41610400	41624400	1	1	1
Trbv1	42	41290000	41312200	1	1	1
Trbv1	42	41595400	41604200	4.39962e-17	2.0844e-17	7.06793e-32
Trbv1	42	41582800	41591400	3.57554e-22	2.18891e-20	7.48617e-40
Trbv1	42	41576800	41585600	4.55711e-19	1.34116e-18	5.15747e-35
Trbv1	42	41594200	41602800	4.36773e-20	3.40196e-19	1.3091e-36
Trbv1	42	41606600	41616800	0.972363	0.253658	0.591904
Trbv1	42	41634400	41664200	1	1	1
Trbv1	42	41574800	41583400	4.06238e-16	8.21735e-17	2.45282e-30
Trbv1	42	41578200	41587000	4.36773e-20	3.40196e-19	1.3091e-36
Trbv1	42	41580000	41588600	4.56974e-18	5.28726e-18	1.95002e-33
Trbv1	42	40957400	41006200	1	1	1
Trbv1	42	41588600	41597400	3.57554e-22	2.18891e-20	7.48617e-40
Trbv1	42	41610000	41623800	1	1	1
Trbv1	42	40837200	40855200	1	1	1
DJ_RC	130	40951400	41039400	1	1	1
DJ_RC	130	41609400	41674000	0.999852	0.935657	0.997875
DJ_RC	130	41586000	41615000	2.87367e-31	2.93567e-38	1.33077e-66
DJ_RC	130	41584200	41612000	4.36226e-39	5.03156e-43	4.09838e-79
DJ_RC	130	40806000	40866200	1	1	1
DJ_RC	130	40813000	40873000	1	1	1
DJ_RC	130	40810400	40870800	1	1	1
DJ_RC	130	41606600	41668200	0.999988	0.253658	0.601615
DJ_RC	130	41616400	41689400	0.999988	0.746342	0.964698
DJ_RC	130	41562800	41590000	6.56415e-58	3.74922e-53	6.23589e-108
DJ_RC	130	40916200	41009400	1	1	1
DJ_RC	130	41579600	41607200	2.25763e-54	2.29717e-51	1.25051e-102
DJ_RC	130	41585400	41614400	3.69647e-33	1.88889e-39	1.15097e-69
DJ_RC	130	41585800	41614800	3.3e-32	7.44659e-39	3.9633e-68
DJ_RC	130	40805800	40866000	1	1	1
DJ_RC	130	41569600	41596600	2.30061e-70	4.13461e-59	2.8135e-126
DJ_RC	130	41592000	41627200	3.51041e-14	9.51638e-26	2.99303e-37
DJ_RC	130	40906600	41005400	1	1	1
DJ_RC	130	41607000	41669800	0.999988	0.253658	0.601615
DJ_RC	130	40908000	41005600	1	1	1
DJ_RC	130	41565000	41592000	9.09319e-63	1.55217e-55	3.81164e-115
DJ_RC	130	41601600	41657400	0.966616	0.000266377	0.00238547
DJ_RC	130	41601000	41654000	0.864786	1.71394e-05	0.000179632
DJ_RC	130	41592800	41629800	1.48408e-11	2.29866e-23	2.66297e-32
DJ_RC	130	40944000	41034600	1	1	1
DJ_RC	130	41589200	41621000	1.15585e-21	1.04946e-31	1.46219e-50
DJ_RC	130	41599600	41649600	0.306449	1.79987e-08	1.104e-07
DJ_RC	130	41568600	41595600	8.62266e-68	6.42593e-58	1.59084e-122
DJ_RC	130	41599200	41649000	0.137858	1.15808e-09	3.76106e-09
DJ_RC	130	41611200	41678400	0.999988	0.746342	0.964698
DJ_RC	130	40791000	40854400	1	1	1
DJ_RC	130	40934200	41024200	1	1	1
DJ_RC	130	40790400	40853800	1	1	1
DJ_RC	130	40812000	40872600	1	1	1
DJ_RC	130	41595600	41639400	4.93081e-06	2.0844e-17	5.30636e-21
DJ_RC	130	40929000	41019600	1	1	1
DJ_RC	130	41575800	41602600	1.61038e-66	2.5333e-57	1.15375e-120
DJ_RC	130	41567000	41594000	8.62266e-68	6.42593e-58	1.59084e-122
DJ_RC	130	41564000	41590800	2.56119e-60	2.41235e-54	1.61674e-111
DJ_RC	130	40949000	41037200	1	1	1
DJ_RC	130	41610000	41675000	0.999988	0.746342	0.964698
DJ_RC	130	40906000	41003800	1	1	1
DJ_RC	130	41574200	41601000	1.61038e-66	2.5333e-57	1.15375e-120
DJ_RC	130	41615200	41686000	0.999988	0.746342	0.964698
DJ_RC	130	41566000	41593000	2.93663e-65	9.98705e-57	8.16901e-119
DJ_RC	130	41566800	41593800	1.61038e-66	2.5333e-57	1.15375e-120
DJ_RC	130	41603000	41662600	0.999988	0.253658	0.601615
DJ_RC	130	41599800	41650000	0.419515	7.09565e-08	5.4563e-07
DJ_RC	130	40791200	40855000	1	1	1
DJ_RC	130	40936400	41026400	1	1	1
DJ_RC	130	41594400	41632000	1.3469e-08	2.18891e-20	1.8984e-26
DJ_RC	130	41572600	41599400	8.62266e-68	6.42593e-58	1.59084e-122
DJ_RC	130	41611000	41677600	0.999988	0.746342	0.964698
DJ_RC	130	41588200	41618200	7.36472e-26	1.10208e-34	1.11246e-57
DJ_RC	130	40807400	40867600	1	1	1
DJ_RC	130	40915400	41007800	1	1	1
DJ_RC	130	40815000	40877000	1	1	1
DJ_RC	130	41585600	41614600	3.69647e-33	1.88889e-39	1.15097e-69
DJ_RC	130	41587800	41617000	9.85298e-27	2.79551e-35	3.86842e-59
DJ_RC	130	41595000	41634000	1.60105e-07	3.40196e-19	3.22293e-24
DJ_RC	130	41572200	41599200	8.62266e-68	6.42593e-58	1.59084e-122
DJ_RC	130	40905200	41003600	1	1	1
DJ_RC	130	40922400	41014200	1	1	1
DJ_RC	130	41565200	41592200	5.22922e-64	3.9372e-56	5.64713e-117
DJ_RC	130	41588800	41619200	2.62695e-23	6.75249e-33	2.25401e-53
DJ_RC	130	41583200	41611000	3.00599e-43	2.08305e-45	1.26355e-85
DJ_RC	130	40800200	40861800	1	1	1
DJ_RC	130	40930000	41020200	1	1	1
DJ_RC	130	40812200	40872800	1	1	1
DJ_RC	130	41583800	41611400	3.79848e-41	3.23744e-44	2.38827e-82
DJ_RC	130	40795400	40857400	1	1	1
DJ_RC	130	41576200	41603000	1.61038e-66	2.5333e-57	1.15375e-120
DJ_RC	130	40920400	41012600	1	1	1
DJ_RC	130	41567200	41594200	1.61038e-66	2.5333e-57	1.15375e-120
DJ_RC	130	41600600	41652600	0.66577	1.10279e-06	1.11045e-05
DJ_RC	130	41571000	41598000	4.50773e-69	1.62999e-58	2.14133e-124
DJ_RC	130	41614600	41683800	0.999988	0.746342	0.964698
DJ_RC	130	41600000	41650200	0.419515	7.09565e-08	5.4563e-07
DJ_RC	130	41586800	41615800	2.02118e-29	4.56257e-37	1.39017e-63
DJ_RC	130	41582200	41610000	1.10587e-48	2.18749e-48	5.35017e-94
DJ_RC	130	41571800	41598800	8.62266e-68	6.42593e-58	1.59084e-122
DJ_RC	130	41589000	41620600	1.76627e-22	2.66204e-32	5.82054e-52
DJ_RC	130	40906200	41004200	1	1	1
DJ_RC	130	41574400	41601200	1.61038e-66	2.5333e-57	1.15375e-120
DJ_RC	130	41601800	41657600	0.987062	0.00105014	0.00815959
DJ_RC	130	41612400	41681000	0.999988	0.746342	0.964698
DJ_RC	130	40802400	40863200	1	1	1
DJ_RC	130	41585000	41614000	4.30688e-35	1.21536e-40	9.00521e-73
DJ_RC	130	40950600	41038400	1	1	1
DJ_RC	130	40939600	41029600	1	1	1
DJ_RC	130	41599000	41648800	0.0849491	2.93758e-10	6.34192e-10
DJ_RC	130	41578800	41606600	1.01441e-56	1.47806e-52	3.73749e-106
DJ_RC	130	41580000	41607600	4.57391e-52	3.57022e-50	3.80601e-99
DJ_RC	130	41593200	41630200	2.50868e-10	3.57253e-22	6.49677e-30
DJ_RC	130	41596200	41642200	0.000105442	1.27712e-15	5.98594e-18
DJ_RC	130	41603200	41663000	0.999988	0.253658	0.601615
DJ_RC	130	41610400	41675800	0.999988	0.746342	0.964698
DJ_RC	130	41598800	41648600	0.049528	7.45141e-11	1.00845e-10
DJ_RC	130	40798800	40860000	1	1	1
DJ_RC	130	40804600	40865800	1	1	1
DJ_RC	130	40792600	40856000	1	1	1
DJ_RC	130	41592200	41627800	1.66945e-13	3.75165e-25	5.4279e-36
DJ_RC	130	40937000	41027600	1	1	1
DJ_RC	130	41569000	41596000	2.30061e-70	4.13461e-59	2.8135e-126
DJ_RC	130	40816400	40879000	1	1	1
DJ_RC	130	41591200	41624400	2.71529e-16	1.55317e-27	4.15709e-41
DJ_RC	130	41591000	41624200	5.0577e-17	3.93976e-28	2.02498e-42
DJ_RC	130	41597800	41645800	0.00337497	3.08486e-13	3.69586e-14
DJ_RC	130	41602800	41662400	0.999852	0.0643426	0.240843
DJ_RC	130	41562600	41589800	1.01441e-56	1.47806e-52	3.73749e-106
DJ_RC	130	40914200	41006200	1	1	1
DJ_RC	130	41584600	41612400	4.54996e-37	7.81995e-42	6.38073e-76
DJ_RC	130	40815600	40878000	1	1	1
DJ_RC	130	40814000	40875000	1	1	1
DJ_RC	130	41570000	41597200	4.50773e-69	1.62999e-58	2.14133e-124
DJ_RC	130	41597400	41645000	0.00152145	7.82502e-14	4.4844e-15
DJ_RC	130	40809800	40870400	1	1	1
DJ_RC	130	41581600	41609400	1.10587e-48	2.18749e-48	5.35017e-94
DJ_RC	130	41573800	41600600	1.61038e-66	2.5333e-57	1.15375e-120
DJ_RC	130	40926600	41017200	1	1	1
DJ_RC	130	40799200	40861000	1	1	1
DJ_RC	130	41572000	41599000	8.62266e-68	6.42593e-58	1.59084e-122
DJ_RC	130	41594000	41631600	1.3469e-08	2.18891e-20	1.8984e-26
DJ_RC	130	40799400	40861200	1	1	1
DJ_RC	130	41588400	41618400	5.36288e-25	4.34473e-34	3.11534e-56
DJ_RC	130	41605200	41665800	0.999988	0.253658	0.601615
DJ_RC	130	40940000	41033000	1	1	1
DJ_RC	130	40945000	41035600	1	1	1
DJ_RC	130	41606400	41667400	0.999988	0.253658	0.601615
DJ_RC	130	41600200	41651400	0.542974	2.79732e-07	2.53654e-06
DJ_RC	130	40794400	40857200	1	1	1
DJ_RC	130	41608600	41673400	0.999852	0.935657	0.997875
DJ_RC	130	41610600	41676400	0.999988	0.746342	0.964698
DJ_RC	130	40803400	40864600	1	1	1
DJ_RC	130	41571400	41598400	8.62266e-68	6.42593e-58	1.59084e-122
DJ_RC	130	41573400	41600200	8.62266e-68	6.42593e-58	1.59084e-122
DJ_RC	130	40943600	41034000	1	1	1
DJ_RC	130	40806400	40866400	1	1	1
DJ_RC	130	41576400	41603200	1.61038e-66	2.5333e-57	1.15375e-120
DJ_RC	130	41564200	41591000	1.54423e-61	6.11912e-55	2.51214e-113
DJ_RC	130	41599400	41649400	0.211471	4.56552e-09	2.10072e-08
DJ_RC	130	41595400	41638800	1.63603e-06	5.28726e-18	4.6801e-22
DJ_RC	130	40949400	41037400	1	1	1
DJ_RC	130	40921200	41012800	1	1	1
DJ_RC	130	41582600	41610400	1.77094e-46	3.39976e-47	1.2845e-90
DJ_RC	130	41572800	41599600	4.50773e-69	1.62999e-58	2.14133e-124
DJ_RC	130	40922000	41013600	1	1	1
DJ_RC	130	40942400	41033800	1	1	1
DJ_RC	130	40947800	41036000	1	1	1
DJ_RC	130	40790600	40854200	1	1	1
DJ_RC	130	41587000	41616200	1.63195e-28	1.7987e-36	4.32351e-62
DJ_RC	130	41604800	41665400	0.999988	0.253658	0.601615
DJ_RC	130	40948600	41036600	1	1	1
DJ_RC	130	41593000	41630000	6.20501e-11	9.06202e-23	4.23178e-31
DJ_RC	130	41580200	41607800	6.28496e-51	1.40749e-49	2.02643e-97
DJ_RC	130	41607600	41670600	0.999988	0.253658	0.601615
DJ_RC	130	40948800	41036800	1	1	1
DJ_RC	130	41583400	41611200	3.41958e-42	8.21203e-45	5.55989e-84
DJ_RC	130	40948000	41036200	1	1	1
DJ_RC	130	41584000	41611600	4.11972e-40	1.2763e-43	1.00141e-80
DJ_RC	130	40929400	41020000	1	1	1
DJ_RC	130	40918200	41012400	1	1	1
DJ_RC	130	41589800	41621600	7.35981e-21	4.13729e-31	3.5723e-49
DJ_RC	130	41590400	41623000	2.74574e-19	6.43009e-30	1.95896e-46
DJ_RC	130	41608400	41672400	0.999852	0.935657	0.997875
DJ_RC	130	41607400	41670400	0.999988	0.253658	0.601615
DJ_RC	130	41571600	41598600	8.62266e-68	6.42593e-58	1.59084e-122
DJ_RC	130	41569200	41596200	1.14619e-71	1.04878e-59	3.60812e-128
DJ_RC	130	41611800	41679600	0.999988	0.746342	0.964698
DJ_RC	130	41574600	41601400	2.93663e-65	9.98705e-57	8.16901e-119
DJ_RC	130	41569400	41596400	1.14619e-71	1.04878e-59	3.60812e-128
DJ_RC	130	41566600	41593600	2.93663e-65	9.98705e-57	8.16901e-119
DJ_RC	130	40934400	41024400	1	1	1
DJ_RC	130	41562000	41589200	1.53121e-55	5.82697e-52	2.18764e-104
DJ_RC	130	41608200	41672000	0.999852	0.935657	0.997875
DJ_RC	130	41608000	41671800	0.999852	0.935657	0.997875
DJ_RC	130	41602400	41661600	0.999055	0.016321	0.0834236
DJ_RC	130	41564600	41591400	1.54423e-61	6.11912e-55	2.51214e-113
DJ_RC	130	41600800	41652800	0.776109	4.34754e-06	4.58865e-05
DJ_RC	130	40917600	41010800	1	1	1
DJ_RC	130	41577400	41604600	9.09319e-63	1.55217e-55	3.81164e-115
DJ_RC	130	41592400	41629200	7.6938e-13	1.47902e-24	9.5317e-35
DJ_RC	130	40934000	41022800	1	1	1
DJ_RC	130	41591800	41625400	7.15646e-15	2.41391e-26	1.59892e-38
DJ_RC	130	41570200	41597400	4.50773e-69	1.62999e-58	2.14133e-124
DJ_RC	130	41581200	41608800	1.10587e-48	2.18749e-48	5.35017e-94
DJ_RC	130	40938200	41027800	1	1	1
DJ_RC	130	41616200	41688600	0.999988	0.746342	0.964698
DJ_RC	130	41566200	41593200	2.93663e-65	9.98705e-57	8.16901e-119
DJ_RC	130	41598200	41647600	0.00713073	1.21615e-12	2.89461e-13
DJ_RC	130	41567400	41594400	1.61038e-66	2.5333e-57	1.15375e-120
DJ_RC	130	41596600	41642800	0.000268586	5.03482e-15	5.69915e-17
DJ_RC	130	40935800	41025400	1	1	1
DJ_RC	130	40813600	40874000	1	1	1
DJ_RC	130	41582800	41610600	2.16311e-45	1.34029e-46	6.07297e-89
DJ_RC	130	41589400	41621200	7.35981e-21	4.13729e-31	3.5723e-49
DJ_RC	130	40807200	40867400	1	1	1
DJ_RC	130	41578600	41606400	6.56415e-58	3.74922e-53	6.23589e-108
DJ_RC	130	41609600	41674600	0.999852	0.935657	0.997875
DJ_RC	130	41614000	41683200	0.999988	0.746342	0.964698
DJ_RC	130	40815800	40878200	1	1	1
DJ_RC	130	41586600	41615600	2.02118e-29	4.56257e-37	1.39017e-63
DJ_RC	130	41607200	41670000	0.999988	0.253658	0.601615
DJ_RC	130	41583000	41610800	2.58037e-44	5.28383e-46	2.80347e-87
DJ_RC	130	40791800	40855200	1	1	1
DJ_RC	130	41581000	41608600	8.43551e-50	5.54876e-49	1.05366e-95
DJ_RC	130	40939800	41030800	1	1	1
DJ_RC	130	41590600	41623200	1.60776e-18	2.53494e-29	4.39413e-45
DJ_RC	130	40917400	41010600	1	1	1
DJ_RC	130	41587400	41616600	1.28447e-27	7.09105e-36	1.31025e-60
DJ_RC	130	40916600	41010200	1	1	1
DJ_RC	130	41606200	41667000	0.999988	0.253658	0.601615
DJ_RC	130	41598000	41647400	0.00713073	1.21615e-12	2.89461e-13
DJ_RC	130	41584800	41612600	4.48101e-36	3.08286e-41	2.42681e-74
DJ_RC	130	41576800	41603600	2.93663e-65	9.98705e-57	8.16901e-119
DJ_RC	130	41587600	41616800	1.28447e-27	7.09105e-36	1.31025e-60
DJ_RC	130	40915800	41008400	1	1	1
DJ_RC	130	41563600	41590400	6.56415e-58	3.74922e-53	6.23589e-108
DJ_RC	130	41610800	41677400	0.999988	0.746342	0.964698
DJ_RC	130	40808600	40870000	1	1	1
DJ_RC	130	41616000	41688000	0.999988	0.746342	0.964698
DJ_RC	130	40913600	41005800	1	1	1
DJ_RC	130	40924800	41016400	1	1	1
DJ_RC	130	41602000	41658400	0.987062	0.00105014	0.00815959
DJ_RC	130	40817000	40879800	1	1	1
DJ_RC	130	41588600	41618800	3.80362e-24	1.71283e-33	8.49373e-55
DJ_RC	130	41562200	41589400	1.01441e-56	1.47806e-52	3.73749e-106
DJ_RC	130	41586200	41615200	2.44056e-30	1.15733e-37	4.35643e-65
DJ_RC	130	41566400	41593400	1.61038e-66	2.5333e-57	1.15375e-120
DJ_RC	130	41575600	41602400	2.93663e-65	9.98705e-57	8.16901e-119
DJ_RC	130	41568000	41595000	1.61038e-66	2.5333e-57	1.15375e-120
DJ_RC	130	41579400	41607000	1.53121e-55	5.82697e-52	2.18764e-104
DJ_RC	130	41597600	41645400	0.00337497	3.08486e-13	3.69586e-14
DJ_RC	130	41575000	41601800	1.61038e-66	2.5333e-57	1.15375e-120
DJ_RC	130	40949600	41038200	1	1	1
DJ_RC	130	41573000	41599800	4.50773e-69	1.62999e-58	2.14133e-124
DJ_RC	130	41615600	41686600	0.999988	0.746342	0.964698
DJ_RC	130	40802000	40862800	1	1	1
DJ_RC	130	40921400	41013400	1	1	1
DJ_RC	130	40792400	40855400	1	1	1
DJ_RC	130	41567600	41594600	8.62266e-68	6.42593e-58	1.59084e-122
DJ_RC	130	40918000	41012000	1	1	1
DJ_RC	130	40938400	41028400	1	1	1
DJ_RC	130	41586400	41615400	2.02118e-29	4.56257e-37	1.39017e-63
DJ_RC	130	41604400	41664800	0.999988	0.253658	0.601615
DJ_RC	130	41582000	41609800	8.43551e-50	5.54876e-49	1.05366e-95
DJ_RC	130	40815400	40877800	1	1	1
DJ_RC	130	40804000	40864800	1	1	1
DJ_RC	130	40928800	41018800	1	1	1
DJ_RC	130	41603800	41664200	0.999988	0.253658	0.601615
DJ_RC	130	40951200	41039000	1	1	1
DJ_RC	130	41590200	41622000	4.55857e-20	1.63105e-30	8.48533e-48
DJ_RC	130	41600400	41652200	0.542974	2.79732e-07	2.53654e-06
DJ_RC	130	41589600	41621400	7.35981e-21	4.13729e-31	3.5723e-49
DJ_RC	130	41578200	41605600	2.56119e-60	2.41235e-54	1.61674e-111
DJ_RC	130	40810600	40871200	1	1	1
DJ_RC	130	41605400	41666400	0.999988	0.253658	0.601615
DJ_RC	130	41593600	41631000	9.8017e-10	1.4084e-21	9.62951e-29
DJ_RC	130	41577600	41604800	1.54423e-61	6.11912e-55	2.51214e-113
DJ_RC	130	41564400	41591200	1.54423e-61	6.11912e-55	2.51214e-113
DJ_RC	130	41613800	41682600	0.999988	0.746342	0.964698
DJ_RC	130	40939200	41029400	1	1	1
DJ_RC	130	41616600	41689600	0.999988	0.746342	0.964698
DJ_RC	130	40938600	41029200	1	1	1
DJ_RC	130	41603400	41663200	0.999988	0.253658	0.601615
DJ_RC	130	41588000	41617600	9.85298e-27	2.79551e-35	3.86842e-59
DJ_RC	130	41576600	41603400	2.93663e-65	9.98705e-57	8.16901e-119
DJ_RC	130	41596400	41642600	0.000268586	5.03482e-15	5.69915e-17
DJ_RC	130	40804400	40865000	1	1	1
DJ_RC	130	41598600	41648200	0.0273542	1.89011e-11	1.5144e-11
DJ_RC	130	41574000	41600800	1.61038e-66	2.5333e-57	1.15375e-120
DJ_RC	130	41571200	41598200	8.62266e-68	6.42593e-58	1.59084e-122
DJ_RC	130	41574800	41601600	1.61038e-66	2.5333e-57	1.15375e-120
DJ_RC	130	40796200	40858000	1	1	1
DJ_RC	130	41602600	41662200	0.999852	0.0643426	0.240843
DJ_RC	130	40935200	41024600	1	1	1
DJ_RC	130	40813800	40874800	1	1	1
DJ_RC	130	41577800	41605000	2.56119e-60	2.41235e-54	1.61674e-111
DJ_RC	130	41614400	41683600	0.999988	0.746342	0.964698
DJ_RC	130	41612000	41680200	0.999988	0.746342	0.964698
DJ_RC	130	41609200	41673800	0.999852	0.935657	0.997875
DJ_RC	130	41594200	41631800	1.3469e-08	2.18891e-20	1.8984e-26
DJ_RC	130	40814600	40876600	1	1	1
DJ_RC	130	41607800	41671000	0.999852	0.935657	0.997875
DJ_RC	130	40802600	40864200	1	1	1
DJ_RC	130	40792800	40856200	1	1	1
DJ_RC	130	41610200	41675600	0.999988	0.746342	0.964698
DJ_RC	130	40807600	40868400	1	1	1
DJ_RC	130	41565800	41592800	2.93663e-65	9.98705e-57	8.16901e-119
DJ_RC	130	40936800	41027400	1	1	1
DJ_RC	130	40797200	40858600	1	1	1
DJ_RC	130	41579800	41607400	3.2514e-53	9.05615e-51	6.98104e-101
DJ_RC	130	41573200	41600000	8.62266e-68	6.42593e-58	1.59084e-122
DJ_RC	130	41568800	41595800	4.50773e-69	1.62999e-58	2.14133e-124
DJ_RC	130	40927600	41017600	1	1	1
DJ_RC	130	41578000	41605400	2.56119e-60	2.41235e-54	1.61674e-111
DJ_RC	130	41568200	41595200	8.62266e-68	6.42593e-58	1.59084e-122
DJ_RC	130	41569800	41596800	4.50773e-69	1.62999e-58	2.14133e-124
DJ_RC	130	41575400	41602200	2.93663e-65	9.98705e-57	8.16901e-119
DJ_RC	130	40932000	41022000	1	1	1
DJ_RC	130	40945400	41035800	1	1	1
DJ_RC	130	41612200	41680800	0.999988	0.746342	0.964698
DJ_RC	130	40813200	40873400	1	1	1
DJ_RC	130	41593400	41630800	9.8017e-10	1.4084e-21	9.62951e-29
DJ_RC	130	41593800	41631200	3.69853e-09	5.55236e-21	1.37702e-27
DJ_RC	130	41609800	41674800	0.999988	0.746342	0.964698
DJ_RC	130	40800800	40862600	1	1	1
DJ_RC	130	41578400	41606200	4.14883e-59	9.51022e-54	1.01607e-109
DJ_RC	130	40923000	41014600	1	1	1
DJ_RC	130	41575200	41602000	2.93663e-65	9.98705e-57	8.16901e-119
DJ_RC	130	41606800	41669400	0.999988	0.253658	0.601615
DJ_RC	130	40931000	41021000	1	1	1
DJ_RC	130	41602200	41660800	0.995969	0.00413997	0.0267647
DJ_RC	130	40926000	41017000	1	1	1
DJ_RC	130	40905000	41003400	1	1	1
DJ_RC	130	41609000	41673600	0.999852	0.935657	0.997875
DJ_RC	130	40914000	41006000	1	1	1
DJ_RC	130	40931600	41021200	1	1	1
DJ_RC	130	41601400	41657200	0.927745	6.75687e-05	0.000669326
DJ_RC	130	41591400	41625200	1.41511e-15	6.12309e-27	8.27918e-40
DJ_RC	130	41582400	41610200	1.41603e-47	8.62377e-48	2.65288e-92
DJ_RC	130	41580800	41608400	8.43551e-50	5.54876e-49	1.05366e-95
DJ_RC	130	41601200	41656200	0.927745	6.75687e-05	0.000669326
DJ_RC	130	41568400	41595400	8.62266e-68	6.42593e-58	1.59084e-122
DJ_RC	130	41576000	41602800	2.93663e-65	9.98705e-57	8.16901e-119
DJ_RC	130	41585200	41614200	4.03941e-34	4.79133e-40	3.25979e-71
DJ_RC	130	40941200	41033400	1	1	1
DJ_RC	130	41565600	41592600	2.93663e-65	9.98705e-57	8.16901e-119
DJ_RC	130	40930600	41020400	1	1	1
DJ_RC	130	40914800	41006800	1	1	1
DJ_RC	130	40793000	40856400	1	1	1
DJ_RC	130	40790200	40852800	1	1	1
DJ_RC	130	41567800	41594800	8.62266e-68	6.42593e-58	1.59084e-122
DJ_RC	130	40923400	41015800	1	1	1
DJ_RC	130	41596000	41640000	3.96257e-05	3.23953e-16	6.00791e-19
DJ_RC	130	41614800	41684400	0.999988	0.746342	0.964698
DJ_RC	130	41614200	41683400	0.999988	0.746342	0.964698
DJ_RC	130	40811000	40872200	1	1	1
DJ_RC	130	40815200	40877400	1	1	1
DJ_RC	130	41595200	41634600	5.21783e-07	1.34116e-18	3.96216e-23
DJ_RC	130	40808000	40869000	1	1	1
DJ_RC	130	41577000	41604000	2.93663e-65	9.98705e-57	8.16901e-119
DJ_RC	130	41611400	41679200	0.999988	0.746342	0.964698
DJ_RC	130	41604000	41664400	0.999988	0.253658	0.601615
DJ_RC	130	41581800	41609600	1.10587e-48	2.18749e-48	5.35017e-94
DJ_RC	130	40796000	40857600	1	1	1
DJ_RC	130	41592600	41629600	3.43435e-12	5.83074e-24	1.61993e-33
DJ_RC	130	40941400	41033600	1	1	1
DJ_RC	130	40950800	41038800	1	1	1
DJ_RC	130	41570600	41597600	4.50773e-69	1.62999e-58	2.14133e-124
DJ_RC	130	41587200	41616400	1.28447e-27	7.09105e-36	1.31025e-60
DJ_RC	130	40924200	41016000	1	1	1
DJ_RC	130	41597000	41644400	0.000268586	5.03482e-15	5.69915e-17
DJ_RC	130	41590000	41621800	4.55857e-20	1.63105e-30	8.48533e-48
DJ_RC	130	41597200	41644800	0.000654148	1.98488e-14	5.17841e-16
DJ_RC	130	40917800	41011400	1	1	1
DJ_RC	130	40928400	41017800	1	1	1
DJ_RC	130	41562400	41589600	1.01441e-56	1.47806e-52	3.73749e-106
DJ_RC	130	40922800	41014400	1	1	1
DJ_RC	130	40808400	40869400	1	1	1
DJ_RC	130	40923200	41015400	1	1	1
DJ_RC	130	41563000	41590200	1.01441e-56	1.47806e-52	3.73749e-106
DJ_RC	130	40814400	40875200	1	1	1
DJ_RC	130	41595800	41639800	1.42711e-05	8.21735e-17	5.76914e-20
DJ_RC	130	40816600	40879400	1	1	1
DJ_RC	130	41594600	41633000	4.73045e-08	8.62936e-20	2.52122e-25
DJ_RC	130	40802200	40863000	1	1	1
DJ_RC	130	40944800	41035200	1	1	1
DJ_RC	130	40925600	41016800	1	1	1
DJ_RC	130	41590800	41623800	9.14889e-18	9.99352e-29	9.57322e-44
DJ_RC	130	40936600	41026800	1	1	1
DJ_RC	130	40926800	41017400	1	1	1
DJ_RC	130	40816200	40878600	1	1	1
DJ_RC	130	41615400	41686400	0.999988	0.746342	0.964698
DJ_RC	130	41594800	41633800	1.60105e-07	3.40196e-19	3.22293e-24
DJ_RC	130	41564800	41591600	9.09319e-63	1.55217e-55	3.81164e-115
DJ_RC	130	40933000	41022400	1	1	1
DJ_RC	130	41579000	41606800	1.53121e-55	5.82697e-52	2.18764e-104
DJ_RC	130	41598400	41648000	0.0143302	4.79443e-12	2.15109e-12
DJ_RC	130	40798200	40859400	1	1	1
DJ_RC	130	40806600	40866600	1	1	1
DJ_RC	130	41563800	41590600	4.14883e-59	9.51022e-54	1.01607e-109
DJ_RC	130	41580400	41608000	6.28496e-51	1.40749e-49	2.02643e-97
DJ_RC	130	41584400	41612200	4.50926e-38	1.9836e-42	1.63699e-77
DJ_RC	130	40925200	41016600	1	1	1
DJ_RC	130	40906400	41004800	1	1	1
DJ_RC	130	41615000	41685800	0.999988	0.746342	0.964698
DJ_RC	130	41604600	41665000	0.999988	0.253658	0.601615
DJ_RC	130	41580600	41608200	8.43551e-50	5.54876e-49	1.05366e-95
DJ_RC	130	41606000	41666800	0.999988	0.253658	0.601615
DJ_RC	130	40933200	41022600	1	1	1
DJ_RC	130	41573600	41600400	1.61038e-66	2.5333e-57	1.15375e-120
DJ_RC	130	41577200	41604200	5.22922e-64	3.9372e-56	5.64713e-117
DJ_RC	130	41570800	41597800	8.62266e-68	6.42593e-58	1.59084e-122
DJ_RC	130	41581400	41609200	1.10587e-48	2.18749e-48	5.35017e-94
DJ_RC	130	41565400	41592400	5.22922e-64	3.9372e-56	5.64713e-117
DJ_RC	130	40922200	41013800	1	1	1
Ebeta_Trbv31_CBE3	32	40799400	40814200	1	1	1
Ebeta_Trbv31_CBE3	32	40906600	40927000	1	1	1
Ebeta_Trbv31_CBE3	32	41008200	41020400	1	1	1
Ebeta_Trbv31_CBE3	32	41616600	41631600	1	1	1
Ebeta_Trbv31_CBE3	32	41648800	41667400	1	1	1
Ebeta_Trbv31_CBE3	32	40810400	40825400	1	1	1
Ebeta_Trbv31_CBE3	32	41002800	41015800	1	1	1
Ebeta_Trbv31_CBE3	32	40848200	40861800	1	1	1
Ebeta_Trbv31_CBE3	32	41569200	41576000	4.33286e-20	2.0844e-17	7.58593e-35
Ebeta_Trbv31_CBE3	32	41589600	41596200	6.14173e-18	3.23953e-16	1.51804e-31
Ebeta_Trbv31_CBE3	32	40921400	40936000	1	1	1
Ebeta_Trbv31_CBE3	32	41577000	41583600	7.15806e-14	7.82502e-14	3.44175e-25
Ebeta_Trbv31_CBE3	32	40864600	40878600	1	1	1
Ebeta_Trbv31_CBE3	32	40934400	40951400	1	1	1
Ebeta_Trbv31_CBE3	32	40963400	41008400	1	1	1
Ebeta_Trbv31_CBE3	32	41006600	41020000	1	1	1
Ebeta_Trbv31_CBE3	32	41585800	41592400	7.28865e-16	5.03482e-15	2.52393e-28
Ebeta_Trbv31_CBE3	32	40859200	40873400	1	1	1
Ebeta_Trbv31_CBE3	32	40864800	40879000	1	1	1
Ebeta_Trbv31_CBE3	32	41001200	41014600	1	1	1
Ebeta_Trbv31_CBE3	32	41610800	41621400	1	1	1
Ebeta_Trbv31_CBE3	32	40949600	40963600	1	1	1
Ebeta_Trbv31_CBE3	32	41580600	41587200	7.40193e-15	1.98488e-14	9.56266e-27
Ebeta_Trbv31_CBE3	32	41586600	41593200	6.84559e-17	1.27712e-15	6.3397e-30
Ebeta_Trbv31_CBE3	32	40865600	40879400	1	1	1
Ebeta_Trbv31_CBE3	32	40914800	40929600	1	1	1
Ebeta_Trbv31_CBE3	32	41612000	41623200	1	1	1
Ebeta_Trbv31_CBE3	32	41587400	41594000	6.14173e-18	3.23953e-16	1.51804e-31
Ebeta_Trbv31_CBE3	32	40824400	40839600	1	1	1
Ebeta_Trbv31_CBE3	32	41573200	41579800	7.40193e-15	1.98488e-14	9.56266e-27
Ebeta_Trbv31_CBE3	32	41584000	41590400	7.40193e-15	1.98488e-14	9.56266e-27
Ebeta_Trbv31_CBE3	32	41568400	41575200	6.14173e-18	3.23953e-16	1.51804e-31
Ebeta_Trbv31_CBE3	32	40841000	40856400	1	1	1
Ebeta_Trbv31_CBE3	32	40960200	41005600	1	1	1
Ebeta_Trbv31_CBE3	32	41615600	41630200	1	1	1
Ebeta_Trbv31_CBE3	32	40928800	40945000	1	1	1
Ebeta_Trbv31_CBE3	32	41619000	41634600	1	1	1
Ebeta_Trbv31_CBE3	32	41565400	41572000	6.57997e-13	3.08486e-13	1.17439e-23
Ebeta_Trbv31_CBE3	32	40793000	40810600	1	1	1
Ebeta_Trbv31_CBE3	32	40844400	40858600	1	1	1
Ebeta_Trbv31_CBE3	32	41603200	41610800	0.9346	0.253658	0.578308
Ebeta_Trbv31_CBE3	32	40838200	40852600	1	1	1
Ebeta_Trbv31_CBE3	32	41013200	41025400	1	1	1
Ebeta_Trbv31_CBE3	32	40965400	41012000	1	1	1
Ebeta_Trbv31_CBE3	32	40915800	40930800	1	1	1
Ebeta_Trbv31_CBE3	32	40814400	40829800	1	1	1
Ebeta_Trbv31_CBE3	32	41565600	41572200	7.15806e-14	7.82502e-14	3.44175e-25
Ebeta_Trbv31_CBE3	32	40965000	41011400	1	1	1
Ebeta_Trbv31_CBE3	32	41294000	41310400	1	1	1
Ebeta_Trbv31_CBE3	32	40915400	40930200	1	1	1
Ebeta_Trbv31_CBE3	32	40953600	40965600	1	1	1
Ebeta_Trbv31_CBE3	32	40827200	40841000	1	1	1
Ebeta_Trbv31_CBE3	32	41290600	41306200	1	1	1
Ebeta_Trbv31_CBE3	32	40932000	40949200	1	1	1
Ebeta_Trbv31_CBE3	32	40948000	40960600	1	1	1
Ebeta_Trbv31_CBE3	32	41631400	41652200	1	1	1
Ebeta_Trbv31_CBE3	32	40798800	40813800	1	1	1
Ebeta_Trbv31_CBE3	32	40960800	41006200	1	1	1
Ebeta_Trbv31_CBE3	32	40823600	40839000	1	1	1
Ebeta_Trbv31_CBE3	32	40926800	40942600	1	1	1
Ebeta_Trbv31_CBE3	32	41570000	41576800	6.84559e-17	1.27712e-15	6.3397e-30
Ebeta_Trbv31_CBE3	32	40792800	40810000	1	1	1
Ebeta_Trbv31_CBE3	32	41613800	41624400	1	1	1
Ebeta_Trbv31_CBE3	32	41565800	41572400	7.15806e-14	7.82502e-14	3.44175e-25
Ebeta_Trbv31_CBE3	32	41566600	41573400	7.15806e-14	7.82502e-14	3.44175e-25
Ebeta_Trbv31_CBE3	32	41567000	41573800	7.28865e-16	5.03482e-15	2.52393e-28
Ebeta_Trbv31_CBE3	32	40863000	40877800	1	1	1
Ebeta_Trbv31_CBE3	32	40837200	40851000	1	1	1
Ebeta_Trbv31_CBE3	32	41011800	41022800	1	1	1
Ebeta_Trbv31_CBE3	32	40843000	40857600	1	1	1
Ebeta_Trbv31_CBE3	32	41000000	41013600	1	1	1
Ebeta_Trbv31_CBE3	32	41575400	41582000	2.71365e-09	7.45141e-11	8.90615e-18
Ebeta_Trbv31_CBE3	32	40796000	40812200	1	1	1
Ebeta_Trbv31_CBE3	32	40960600	41006000	1	1	1
Ebeta_Trbv31_CBE3	32	41662000	41675000	0.9346	0.746342	0.948788
Ebeta_Trbv31_CBE3	32	41606200	41614200	0.9346	0.253658	0.578308
Ebeta_Trbv31_CBE3	32	40805800	40817200	1	1	1
Ebeta_Trbv31_CBE3	32	40958400	41003800	1	1	1
Ebeta_Trbv31_CBE3	32	40830200	40846600	1	1	1
Ebeta_Trbv31_CBE3	32	40927600	40943800	1	1	1
Ebeta_Trbv31_CBE3	32	41572800	41579200	7.40193e-15	1.98488e-14	9.56266e-27
Ebeta_Trbv31_CBE3	32	41574200	41580800	6.57997e-13	3.08486e-13	1.17439e-23
Ebeta_Trbv31_CBE3	32	40823400	40838600	1	1	1
Ebeta_Trbv31_CBE3	32	41588400	41595000	6.84559e-17	1.27712e-15	6.3397e-30
Ebeta_Trbv31_CBE3	32	41621200	41640000	1	1	1
Ebeta_Trbv31_CBE3	32	40808400	40823800	1	1	1
Ebeta_Trbv31_CBE3	32	41575600	41582200	2.71365e-09	7.45141e-11	8.90615e-18
Ebeta_Trbv31_CBE3	32	41602200	41609800	0.286556	0.00413997	0.00917854
Ebeta_Trbv31_CBE3	32	40792600	40808800	1	1	1
Ebeta_Trbv31_CBE3	32	41591000	41597800	6.84559e-17	1.27712e-15	6.3397e-30
Ebeta_Trbv31_CBE3	32	40829000	40843200	1	1	1
Ebeta_Trbv31_CBE3	32	41005200	41017400	1	1	1
Ebeta_Trbv31_CBE3	32	40848800	40863000	1	1	1
Ebeta_Trbv31_CBE3	32	41568600	41575400	6.14173e-18	3.23953e-16	1.51804e-31
Ebeta_Trbv31_CBE3	32	41584200	41590600	7.40193e-15	1.98488e-14	9.56266e-27
Ebeta_Trbv31_CBE3	32	40840000	40855200	1	1	1
Ebeta_Trbv31_CBE3	32	41664600	41679200	0.9346	0.746342	0.948788
Ebeta_Trbv31_CBE3	32	41608000	41616200	0.9346	0.253658	0.578308
Ebeta_Trbv31_CBE3	32	40957600	41003400	1	1	1
Ebeta_Trbv31_CBE3	32	41639800	41661600	1	1	1
Ebeta_Trbv31_CBE3	32	40816600	40835600	1	1	1
Ebeta_Trbv31_CBE3	32	41665600	41680800	0.9346	0.746342	0.948788
Ebeta_Trbv31_CBE3	32	41605400	41612600	0.9346	0.253658	0.578308
Ebeta_Trbv31_CBE3	32	41631000	41651400	1	1	1
Ebeta_Trbv31_CBE3	32	40917800	40933400	1	1	1
Ebeta_Trbv31_CBE3	32	40862800	40877400	1	1	1
Ebeta_Trbv31_CBE3	32	41581400	41588000	7.40193e-15	1.98488e-14	9.56266e-27
Ebeta_Trbv31_CBE3	32	41616000	41630800	1	1	1
Ebeta_Trbv31_CBE3	32	41601600	41609200	0.136323	0.00105014	0.00141033
Ebeta_Trbv31_CBE3	32	40840400	40855400	1	1	1
Ebeta_Trbv31_CBE3	32	41609800	41618800	1	1	1
Ebeta_Trbv31_CBE3	32	40838400	40852800	1	1	1
Ebeta_Trbv31_CBE3	32	40926600	40941600	1	1	1
Ebeta_Trbv31_CBE3	32	41590400	41597200	6.14173e-18	3.23953e-16	1.51804e-31
Ebeta_Trbv31_CBE3	32	41600600	41608000	0.00174251	4.34754e-06	1.49227e-07
Ebeta_Trbv31_CBE3	32	40939800	40956400	1	1	1
Ebeta_Trbv31_CBE3	32	41664800	41679600	0.9346	0.746342	0.948788
Ebeta_Trbv31_CBE3	32	41295800	41313000	1	1	1
Ebeta_Trbv31_CBE3	32	41562400	41569200	7.29222e-07	4.56552e-09	1.14314e-13
Ebeta_Trbv31_CBE3	32	40799200	40814000	1	1	1
Ebeta_Trbv31_CBE3	32	40936400	40953800	1	1	1
Ebeta_Trbv31_CBE3	32	41000800	41014200	1	1	1
Ebeta_Trbv31_CBE3	32	40859800	40874000	1	1	1
Ebeta_Trbv31_CBE3	32	40839000	40854200	1	1	1
Ebeta_Trbv31_CBE3	32	40836200	40850800	1	1	1
Ebeta_Trbv31_CBE3	32	40813600	40828400	1	1	1
Ebeta_Trbv31_CBE3	32	41021800	41037200	1	1	1
Ebeta_Trbv31_CBE3	32	40938600	40955200	1	1	1
Ebeta_Trbv31_CBE3	32	41016800	41033400	1	1	1
Ebeta_Trbv31_CBE3	32	41648600	41667000	1	1	1
Ebeta_Trbv31_CBE3	32	41576200	41582800	4.7376e-11	4.79443e-12	1.15471e-20
Ebeta_Trbv31_CBE3	32	41671600	41688000	1	1	1
Ebeta_Trbv31_CBE3	32	41572000	41578600	7.40193e-15	1.98488e-14	9.56266e-27
Ebeta_Trbv31_CBE3	32	41596600	41603200	7.40193e-15	1.98488e-14	9.56266e-27
Ebeta_Trbv31_CBE3	32	40955400	41001200	1	1	1
Ebeta_Trbv31_CBE3	32	41633800	41657200	1	1	1
Ebeta_Trbv31_CBE3	32	40855200	40869400	1	1	1
Ebeta_Trbv31_CBE3	32	41586200	41592800	7.28865e-16	5.03482e-15	2.52393e-28
Ebeta_Trbv31_CBE3	32	41487600	41499000	1	1	1
Ebeta_Trbv31_CBE3	32	41671800	41688600	1	1	1
Ebeta_Trbv31_CBE3	32	41622800	41644400	1	1	1
Ebeta_Trbv31_CBE3	32	41564400	41571000	4.7376e-11	4.79443e-12	1.15471e-20
Ebeta_Trbv31_CBE3	32	40821800	40838000	1	1	1
Ebeta_Trbv31_CBE3	32	41024400	41039400	1	1	1
Ebeta_Trbv31_CBE3	32	41564200	41570800	5.73834e-12	1.21615e-12	3.79076e-22
Ebeta_Trbv31_CBE3	32	40854200	40867600	1	1	1
Ebeta_Trbv31_CBE3	32	40857400	40872600	1	1	1
Ebeta_Trbv31_CBE3	32	40835800	40850400	1	1	1
Ebeta_Trbv31_CBE3	32	41574800	41581400	5.73834e-12	1.21615e-12	3.79076e-22
Ebeta_Trbv31_CBE3	32	41570200	41577000	7.28865e-16	5.03482e-15	2.52393e-28
Ebeta_Trbv31_CBE3	32	40940000	40957000	1	1	1
Ebeta_Trbv31_CBE3	32	41581600	41588200	7.28865e-16	5.03482e-15	2.52393e-28
Ebeta_Trbv31_CBE3	32	41022200	41037400	1	1	1
Ebeta_Trbv31_CBE3	32	40924200	40939400	1	1	1
Ebeta_Trbv31_CBE3	32	41605200	41612400	0.9346	0.253658	0.578308
Ebeta_Trbv31_CBE3	32	40939200	40955400	1	1	1
Ebeta_Trbv31_CBE3	32	40930600	40948200	1	1	1
Ebeta_Trbv31_CBE3	32	40816400	40835000	1	1	1
Ebeta_Trbv31_CBE3	32	41575800	41582400	3.69422e-10	1.89011e-11	3.31046e-19
Ebeta_Trbv31_CBE3	32	41647800	41665800	1	1	1
Ebeta_Trbv31_CBE3	32	41608200	41616400	0.9346	0.253658	0.578308
Ebeta_Trbv31_CBE3	32	41607000	41615000	0.9346	0.253658	0.578308
Ebeta_Trbv31_CBE3	32	40857800	40872800	1	1	1
Ebeta_Trbv31_CBE3	32	41597800	41604600	5.73834e-12	1.21615e-12	3.79076e-22
Ebeta_Trbv31_CBE3	32	41666800	41683200	0.9346	0.746342	0.948788
Ebeta_Trbv31_CBE3	32	41005400	41017600	1	1	1
Ebeta_Trbv31_CBE3	32	40856000	40870400	1	1	1
Ebeta_Trbv31_CBE3	32	40930000	40948000	1	1	1
Ebeta_Trbv31_CBE3	32	41611200	41621800	1	1	1
Ebeta_Trbv31_CBE3	32	40791200	40807800	1	1	1
Ebeta_Trbv31_CBE3	32	40818000	40836400	1	1	1
Ebeta_Trbv31_CBE3	32	40852000	40866000	1	1	1
Ebeta_Trbv31_CBE3	32	40815200	40831800	1	1	1
Ebeta_Trbv31_CBE3	32	41614000	41625200	1	1	1
Ebeta_Trbv31_CBE3	32	41648000	41666400	1	1	1
Ebeta_Trbv31_CBE3	32	40953800	40966600	1	1	1
Ebeta_Trbv31_CBE3	32	41596200	41602800	7.40193e-15	1.98488e-14	9.56266e-27
Ebeta_Trbv31_CBE3	32	41571800	41578400	7.40193e-15	1.98488e-14	9.56266e-27
Ebeta_Trbv31_CBE3	32	41487200	41498400	1	1	1
Ebeta_Trbv31_CBE3	32	40862600	40877000	1	1	1
Ebeta_Trbv31_CBE3	32	40922200	40936800	1	1	1
Ebeta_Trbv31_CBE3	32	41003400	41016600	1	1	1
Ebeta_Trbv31_CBE3	32	41594400	41601000	6.84559e-17	1.27712e-15	6.3397e-30
Ebeta_Trbv31_CBE3	32	41624200	41645800	1	1	1
Ebeta_Trbv31_CBE3	32	41562000	41568800	7.29222e-07	4.56552e-09	1.14314e-13
Ebeta_Trbv31_CBE3	32	40926000	40941400	1	1	1
Ebeta_Trbv31_CBE3	32	40948800	40961000	1	1	1
Ebeta_Trbv31_CBE3	32	40955000	41000400	1	1	1
Ebeta_Trbv31_CBE3	32	40957400	41003200	1	1	1
Ebeta_Trbv31_CBE3	32	41585600	41592200	7.28865e-16	5.03482e-15	2.52393e-28
Ebeta_Trbv31_CBE3	32	41015800	41029400	1	1	1
Ebeta_Trbv31_CBE3	32	40956800	41002800	1	1	1
Ebeta_Trbv31_CBE3	32	41583400	41590000	7.28865e-16	5.03482e-15	2.52393e-28
Ebeta_Trbv31_CBE3	32	41632800	41654000	1	1	1
Ebeta_Trbv31_CBE3	32	41621800	41642800	1	1	1
Ebeta_Trbv31_CBE3	32	41606800	41614800	0.9346	0.253658	0.578308
Ebeta_Trbv31_CBE3	32	41562600	41569400	1.20975e-07	1.15808e-09	5.25431e-15
Ebeta_Trbv31_CBE3	32	41581800	41588400	6.84559e-17	1.27712e-15	6.3397e-30
Ebeta_Trbv31_CBE3	32	40857000	40871200	1	1	1
Ebeta_Trbv31_CBE3	32	40848600	40862800	1	1	1
Ebeta_Trbv31_CBE3	32	41600000	41607400	0.000100891	2.79732e-07	7.13773e-10
Ebeta_Trbv31_CBE3	32	41588800	41595400	6.84559e-17	1.27712e-15	6.3397e-30
Ebeta_Trbv31_CBE3	32	40804600	40816800	1	1	1
Ebeta_Trbv31_CBE3	32	41638600	41657600	1	1	1
Ebeta_Trbv31_CBE3	32	40808000	40823600	1	1	1
Ebeta_Trbv31_CBE3	32	41588200	41594800	6.14173e-18	3.23953e-16	1.51804e-31
Ebeta_Trbv31_CBE3	32	41661400	41674800	0.9346	0.746342	0.948788
Ebeta_Trbv31_CBE3	32	40998800	41012800	1	1	1
Ebeta_Trbv31_CBE3	32	41571200	41577800	6.84559e-17	1.27712e-15	6.3397e-30
Ebeta_Trbv31_CBE3	32	40846600	40861000	1	1	1
Ebeta_Trbv31_CBE3	32	41002600	41015400	1	1	1
Ebeta_Trbv31_CBE3	32	41596000	41602600	7.28865e-16	5.03482e-15	2.52393e-28
Ebeta_Trbv31_CBE3	32	40954400	41000000	1	1	1
Ebeta_Trbv31_CBE3	32	40931000	40948800	1	1	1
Ebeta_Trbv31_CBE3	32	41294800	41311200	1	1	1
Ebeta_Trbv31_CBE3	32	41567800	41574600	6.14173e-18	3.23953e-16	1.51804e-31
Ebeta_Trbv31_CBE3	32	41579000	41585800	7.40193e-15	1.98488e-14	9.56266e-27
Ebeta_Trbv31_CBE3	32	41598400	41605400	3.69422e-10	1.89011e-11	3.31046e-19
Ebeta_Trbv31_CBE3	32	41015600	41029200	1	1	1
Ebeta_Trbv31_CBE3	32	41565200	41571800	6.57997e-13	3.08486e-13	1.17439e-23
Ebeta_Trbv31_CBE3	32	41593200	41599800	7.28865e-16	5.03482e-15	2.52393e-28
Ebeta_Trbv31_CBE3	32	41620800	41639400	1	1	1
Ebeta_Trbv31_CBE3	32	40804000	40816400	1	1	1
Ebeta_Trbv31_CBE3	32	40945400	40960200	1	1	1
Ebeta_Trbv31_CBE3	32	41596400	41603000	7.40193e-15	1.98488e-14	9.56266e-27
Ebeta_Trbv31_CBE3	32	40950800	40964200	1	1	1
Ebeta_Trbv31_CBE3	32	40921200	40935400	1	1	1
Ebeta_Trbv31_CBE3	32	41639200	41658400	1	1	1
Ebeta_Trbv31_CBE3	32	40928400	40944200	1	1	1
Ebeta_Trbv31_CBE3	32	41595600	41602200	7.28865e-16	5.03482e-15	2.52393e-28
Ebeta_Trbv31_CBE3	32	41293200	41307800	1	1	1
Ebeta_Trbv31_CBE3	32	41610200	41620600	1	1	1
Ebeta_Trbv31_CBE3	32	41651200	41670400	1	1	1
Ebeta_Trbv31_CBE3	32	40917400	40932200	1	1	1
Ebeta_Trbv31_CBE3	32	40802400	40815600	1	1	1
Ebeta_Trbv31_CBE3	32	40811000	40826400	1	1	1
Ebeta_Trbv31_CBE3	32	40846400	40860000	1	1	1
Ebeta_Trbv31_CBE3	32	40925600	40940200	1	1	1
Ebeta_Trbv31_CBE3	32	41595400	41602000	7.28865e-16	5.03482e-15	2.52393e-28
Ebeta_Trbv31_CBE3	32	41573600	41580200	7.40193e-15	1.98488e-14	9.56266e-27
Ebeta_Trbv31_CBE3	32	41642600	41662600	1	1	1
Ebeta_Trbv31_CBE3	32	41003000	41016000	1	1	1
Ebeta_Trbv31_CBE3	32	41587000	41593600	6.84559e-17	1.27712e-15	6.3397e-30
Ebeta_Trbv31_CBE3	32	41590000	41596600	6.14173e-18	3.23953e-16	1.51804e-31
Ebeta_Trbv31_CBE3	32	40853600	40866600	1	1	1
Ebeta_Trbv31_CBE3	32	41657000	41673400	0.9346	0.746342	0.948788
Ebeta_Trbv31_CBE3	32	41590600	41597400	6.14173e-18	3.23953e-16	1.51804e-31
Ebeta_Trbv31_CBE3	32	41573000	41579600	7.40193e-15	1.98488e-14	9.56266e-27
Ebeta_Trbv31_CBE3	32	41645200	41664400	1	1	1
Ebeta_Trbv31_CBE3	32	40960000	41005400	1	1	1
Ebeta_Trbv31_CBE3	32	41016400	41030800	1	1	1
Ebeta_Trbv31_CBE3	32	41658200	41674000	0.9346	0.746342	0.948788
Ebeta_Trbv31_CBE3	32	41614400	41627200	1	1	1
Ebeta_Trbv31_CBE3	32	40840600	40856000	1	1	1
Ebeta_Trbv31_CBE3	32	41577800	41584600	7.15806e-14	7.82502e-14	3.44175e-25
Ebeta_Trbv31_CBE3	32	40790400	40806800	1	1	1
Ebeta_Trbv31_CBE3	32	41603400	41611000	0.9346	0.253658	0.578308
Ebeta_Trbv31_CBE3	32	41563800	41570200	3.69422e-10	1.89011e-11	3.31046e-19
Ebeta_Trbv31_CBE3	32	41601000	41608400	0.0198045	6.75687e-05	1.94358e-05
Ebeta_Trbv31_CBE3	32	41616800	41631800	1	1	1
Ebeta_Trbv31_CBE3	32	40834800	40849000	1	1	1
Ebeta_Trbv31_CBE3	32	41295000	41312200	1	1	1
Ebeta_Trbv31_CBE3	32	40800200	40814600	1	1	1
Ebeta_Trbv31_CBE3	32	41568200	41575000	6.14173e-18	3.23953e-16	1.51804e-31
Ebeta_Trbv31_CBE3	32	40962000	41006800	1	1	1
Ebeta_Trbv31_CBE3	32	40806600	40818800	1	1	1
Ebeta_Trbv31_CBE3	32	41017400	41034000	1	1	1
Ebeta_Trbv31_CBE3	32	40958800	41004200	1	1	1
Ebeta_Trbv31_CBE3	32	41585000	41591400	7.40193e-15	1.98488e-14	9.56266e-27
Ebeta_Trbv31_CBE3	32	41611800	41623000	1	1	1
Ebeta_Trbv31_CBE3	32	40815000	40830400	1	1	1
Ebeta_Trbv31_CBE3	32	40850600	40864600	1	1	1
Ebeta_Trbv31_CBE3	32	41566400	41573200	7.15806e-14	7.82502e-14	3.44175e-25
Ebeta_Trbv31_CBE3	32	41005800	41018800	1	1	1
Ebeta_Trbv31_CBE3	32	41599800	41607200	0.000100891	2.79732e-07	7.13773e-10
Ebeta_Trbv31_CBE3	32	41578400	41585200	7.28865e-16	5.03482e-15	2.52393e-28
Ebeta_Trbv31_CBE3	32	41592400	41599000	7.28865e-16	5.03482e-15	2.52393e-28
Ebeta_Trbv31_CBE3	32	40933200	40949800	1	1	1
Ebeta_Trbv31_CBE3	32	41580800	41587400	7.40193e-15	1.98488e-14	9.56266e-27
Ebeta_Trbv31_CBE3	32	40807200	40821400	1	1	1
Ebeta_Trbv31_CBE3	32	40802200	40815400	1	1	1
Ebeta_Trbv31_CBE3	32	41647200	41665000	1	1	1
Ebeta_Trbv31_CBE3	32	41612400	41624200	1	1	1
Ebeta_Trbv31_CBE3	32	41583800	41590200	7.40193e-15	1.98488e-14	9.56266e-27
Ebeta_Trbv31_CBE3	32	41013600	41026800	1	1	1
Ebeta_Trbv31_CBE3	32	41019800	41035800	1	1	1
Ebeta_Trbv31_CBE3	32	40954000	40995400	1	1	1
Ebeta_Trbv31_CBE3	32	40949000	40962200	1	1	1
Ebeta_Trbv31_CBE3	32	40815600	40832400	1	1	1
Ebeta_Trbv31_CBE3	32	41021000	41036800	1	1	1
Ebeta_Trbv31_CBE3	32	41571400	41578000	7.28865e-16	5.03482e-15	2.52393e-28
Ebeta_Trbv31_CBE3	32	40850800	40864800	1	1	1
Ebeta_Trbv31_CBE3	32	41004600	41017200	1	1	1
Ebeta_Trbv31_CBE3	32	41629400	41648800	1	1	1
Ebeta_Trbv31_CBE3	32	41602600	41610200	0.754793	0.0643426	0.195468
Ebeta_Trbv31_CBE3	32	41668000	41683600	0.9346	0.746342	0.948788
Ebeta_Trbv31_CBE3	32	41592600	41599200	7.28865e-16	5.03482e-15	2.52393e-28
Ebeta_Trbv31_CBE3	32	41587600	41594200	6.14173e-18	3.23953e-16	1.51804e-31
Ebeta_Trbv31_CBE3	32	40841400	40857200	1	1	1
Ebeta_Trbv31_CBE3	32	41488000	41499200	1	1	1
Ebeta_Trbv31_CBE3	32	41016200	41029600	1	1	1
Ebeta_Trbv31_CBE3	32	40813000	40828000	1	1	1
Ebeta_Trbv31_CBE3	32	41649200	41668200	1	1	1
Ebeta_Trbv31_CBE3	32	41012400	41024400	1	1	1
Ebeta_Trbv31_CBE3	32	40929000	40945200	1	1	1
Ebeta_Trbv31_CBE3	32	41621400	41642200	1	1	1
Ebeta_Trbv31_CBE3	32	40908000	40927800	1	1	1
Ebeta_Trbv31_CBE3	32	41572200	41578800	7.40193e-15	1.98488e-14	9.56266e-27
Ebeta_Trbv31_CBE3	32	41617400	41632000	1	1	1
Ebeta_Trbv31_CBE3	32	41608600	41616800	0.9346	0.253658	0.578308
Ebeta_Trbv31_CBE3	32	41607400	41615400	0.9346	0.253658	0.578308
Ebeta_Trbv31_CBE3	32	41660600	41674600	0.9346	0.746342	0.948788
Ebeta_Trbv31_CBE3	32	41020800	41036600	1	1	1
Ebeta_Trbv31_CBE3	32	40999800	41013400	1	1	1
Ebeta_Trbv31_CBE3	32	41014400	41027800	1	1	1
Ebeta_Trbv31_CBE3	32	41603800	41611200	0.9346	0.253658	0.578308
Ebeta_Trbv31_CBE3	32	40862400	40876600	1	1	1
Ebeta_Trbv31_CBE3	32	41016600	41033000	1	1	1
Ebeta_Trbv31_CBE3	32	41578600	41585400	7.28865e-16	5.03482e-15	2.52393e-28
Ebeta_Trbv31_CBE3	32	41614800	41629200	1	1	1
Ebeta_Trbv31_CBE3	32	40806000	40818200	1	1	1
Ebeta_Trbv31_CBE3	32	40812200	40827400	1	1	1
Ebeta_Trbv31_CBE3	32	41600800	41608200	0.0062183	1.71394e-05	1.81762e-06
Ebeta_Trbv31_CBE3	32	41576400	41583000	5.73834e-12	1.21615e-12	3.79076e-22
Ebeta_Trbv31_CBE3	32	41580400	41587000	7.40193e-15	1.98488e-14	9.56266e-27
Ebeta_Trbv31_CBE3	32	41665200	41680200	0.9346	0.746342	0.948788
Ebeta_Trbv31_CBE3	32	40929400	40945600	1	1	1
Ebeta_Trbv31_CBE3	32	41574400	41581000	5.73834e-12	1.21615e-12	3.79076e-22
Ebeta_Trbv31_CBE3	32	41564000	41570400	4.7376e-11	4.79443e-12	1.15471e-20
Ebeta_Trbv31_CBE3	32	40798200	40813400	1	1	1
Ebeta_Trbv31_CBE3	32	41609600	41618400	0.9346	0.253658	0.578308
Ebeta_Trbv31_CBE3	32	41290400	41306000	1	1	1
Ebeta_Trbv31_CBE3	32	41488200	41499600	1	1	1
Ebeta_Trbv31_CBE3	32	40831800	40847200	1	1	1
Ebeta_Trbv31_CBE3	32	41022600	41038400	1	1	1
Ebeta_Trbv31_CBE3	32	41663000	41677400	0.9346	0.746342	0.948788
Ebeta_Trbv31_CBE3	32	41604600	41612000	0.9346	0.253658	0.578308
Ebeta_Trbv31_CBE3	32	41569600	41576400	6.14173e-18	3.23953e-16	1.51804e-31
Ebeta_Trbv31_CBE3	32	40842000	40857400	1	1	1
Ebeta_Trbv31_CBE3	32	41652000	41670600	1	1	1
Ebeta_Trbv31_CBE3	32	41020000	41036000	1	1	1
Ebeta_Trbv31_CBE3	32	41578000	41584800	7.40193e-15	1.98488e-14	9.56266e-27
Ebeta_Trbv31_CBE3	32	40837400	40851400	1	1	1
Ebeta_Trbv31_CBE3	32	41625200	41647600	1	1	1
Ebeta_Trbv31_CBE3	32	40855000	40869000	1	1	1
Ebeta_Trbv31_CBE3	32	41656000	41672400	0.9346	0.746342	0.948788
Ebeta_Trbv31_CBE3	32	41593800	41600400	7.40193e-15	1.98488e-14	9.56266e-27
Ebeta_Trbv31_CBE3	32	41584800	41591200	7.40193e-15	1.98488e-14	9.56266e-27
Ebeta_Trbv31_CBE3	32	40854800	40868400	1	1	1
Ebeta_Trbv31_CBE3	32	41602000	41609600	0.286556	0.00413997	0.00917854
Ebeta_Trbv31_CBE3	32	41005600	41017800	1	1	1
Ebeta_Trbv31_CBE3	32	41581000	41587600	7.40193e-15	1.98488e-14	9.56266e-27
Ebeta_Trbv31_CBE3	32	41607600	41615600	0.9346	0.253658	0.578308
Ebeta_Trbv31_CBE3	32	40837600	40852000	1	1	1
Ebeta_Trbv31_CBE3	32	41629600	41649000	1	1	1
Ebeta_Trbv31_CBE3	32	40922400	40937000	1	1	1
Ebeta_Trbv31_CBE3	32	41010400	41022000	1	1	1
Ebeta_Trbv31_CBE3	32	41662200	41675600	0.9346	0.746342	0.948788
Ebeta_Trbv31_CBE3	32	40790200	40806600	1	1	1
Ebeta_Trbv31_CBE3	32	41587200	41593800	6.84559e-17	1.27712e-15	6.3397e-30
Ebeta_Trbv31_CBE3	32	41566200	41573000	6.57997e-13	3.08486e-13	1.17439e-23
Ebeta_Trbv31_CBE3	32	41568000	41574800	6.84559e-17	1.27712e-15	6.3397e-30
Ebeta_Trbv31_CBE3	32	40960400	41005800	1	1	1
Ebeta_Trbv31_CBE3	32	41609400	41618200	0.9346	0.253658	0.578308
Ebeta_Trbv31_CBE3	32	40941200	40957400	1	1	1
Ebeta_Trbv31_CBE3	32	40942400	40957800	1	1	1
Ebeta_Trbv31_CBE3	32	40964000	41010200	1	1	1
Ebeta_Trbv31_CBE3	32	41024000	41038800	1	1	1
Ebeta_Trbv31_CBE3	32	41576000	41582600	3.69422e-10	1.89011e-11	3.31046e-19
Ebeta_Trbv31_CBE3	32	40913600	40928600	1	1	1
Ebeta_Trbv31_CBE3	32	41599000	41606400	1.20975e-07	1.15808e-09	5.25431e-15
Ebeta_Trbv31_CBE3	32	41569800	41576600	6.14173e-18	3.23953e-16	1.51804e-31
Ebeta_Trbv31_CBE3	32	40848400	40862600	1	1	1
Ebeta_Trbv31_CBE3	32	40923000	40938400	1	1	1
Ebeta_Trbv31_CBE3	32	40861000	40875000	1	1	1
Ebeta_Trbv31_CBE3	32	41601200	41608600	0.055669	0.000266377	0.000179711
Ebeta_Trbv31_CBE3	32	41573800	41580400	7.15806e-14	7.82502e-14	3.44175e-25
Ebeta_Trbv31_CBE3	32	41564800	41571400	5.73834e-12	1.21615e-12	3.79076e-22
Ebeta_Trbv31_CBE3	32	40906200	40926200	1	1	1
Ebeta_Trbv31_CBE3	32	40832200	40848400	1	1	1
Ebeta_Trbv31_CBE3	32	40860800	40874800	1	1	1
Ebeta_Trbv31_CBE3	32	41601800	41609400	0.286556	0.00413997	0.00917854
Ebeta_Trbv31_CBE3	32	40937000	40954400	1	1	1
Ebeta_Trbv31_CBE3	32	40822400	40838400	1	1	1
Ebeta_Trbv31_CBE3	32	41583000	41589600	6.84559e-17	1.27712e-15	6.3397e-30
Ebeta_Trbv31_CBE3	32	40802600	40815800	1	1	1
Ebeta_Trbv31_CBE3	32	40923400	40938800	1	1	1
Ebeta_Trbv31_CBE3	32	40800800	40814800	1	1	1
Ebeta_Trbv31_CBE3	32	40837800	40852200	1	1	1
Ebeta_Trbv31_CBE3	32	40951200	40964400	1	1	1
Ebeta_Trbv31_CBE3	32	41644800	41664200	1	1	1
Ebeta_Trbv31_CBE3	32	41669600	41684400	0.9346	0.746342	0.948788
Ebeta_Trbv31_CBE3	32	41621000	41639800	1	1	1
Ebeta_Trbv31_CBE3	32	41589400	41596000	6.84559e-17	1.27712e-15	6.3397e-30
Ebeta_Trbv31_CBE3	32	41571000	41577600	6.84559e-17	1.27712e-15	6.3397e-30
Ebeta_Trbv31_CBE3	32	41586800	41593400	6.14173e-18	3.23953e-16	1.51804e-31
Ebeta_Trbv31_CBE3	32	41570600	41577200	7.28865e-16	5.03482e-15	2.52393e-28
Ebeta_Trbv31_CBE3	32	40995200	41012600	1	1	1
Ebeta_Trbv31_CBE3	32	40812000	40827200	1	1	1
Ebeta_Trbv31_CBE3	32	41588000	41594600	6.14173e-18	3.23953e-16	1.51804e-31
Ebeta_Trbv31_CBE3	32	41293600	41308400	1	1	1
Ebeta_Trbv31_CBE3	32	40791000	40807600	1	1	1
Ebeta_Trbv31_CBE3	32	41579400	41586000	7.28865e-16	5.03482e-15	2.52393e-28
Ebeta_Trbv31_CBE3	32	41614200	41625400	1	1	1
Ebeta_Trbv31_CBE3	32	41593600	41600200	7.28865e-16	5.03482e-15	2.52393e-28
Ebeta_Trbv31_CBE3	32	41604000	41611400	0.9346	0.253658	0.578308
Ebeta_Trbv31_CBE3	32	40833400	40848600	1	1	1
Ebeta_Trbv31_CBE3	32	41581200	41587800	7.40193e-15	1.98488e-14	9.56266e-27
Ebeta_Trbv31_CBE3	32	41614600	41627800	1	1	1
Ebeta_Trbv31_CBE3	32	41000200	41013800	1	1	1
Ebeta_Trbv31_CBE3	32	41011200	41022600	1	1	1
Ebeta_Trbv31_CBE3	32	41584400	41590800	7.40193e-15	1.98488e-14	9.56266e-27
Ebeta_Trbv31_CBE3	32	41648400	41666800	1	1	1
Ebeta_Trbv31_CBE3	32	41595000	41601600	6.84559e-17	1.27712e-15	6.3397e-30
Ebeta_Trbv31_CBE3	32	40905000	40925000	1	1	1
Ebeta_Trbv31_CBE3	32	41004000	41017000	1	1	1
Ebeta_Trbv31_CBE3	32	41572600	41579000	7.40193e-15	1.98488e-14	9.56266e-27
Ebeta_Trbv31_CBE3	32	41599400	41606800	4.08457e-06	1.79987e-08	2.29677e-12
Ebeta_Trbv31_CBE3	32	41582400	41589000	6.14173e-18	3.23953e-16	1.51804e-31
Ebeta_Trbv31_CBE3	32	40839600	40855000	1	1	1
Ebeta_Trbv31_CBE3	32	40827800	40841200	1	1	1
Ebeta_Trbv31_CBE3	32	41592200	41598800	7.28865e-16	5.03482e-15	2.52393e-28
Ebeta_Trbv31_CBE3	32	40944000	40958600	1	1	1
Ebeta_Trbv31_CBE3	32	41615000	41629600	1	1	1
Ebeta_Trbv31_CBE3	32	41644600	41663200	1	1	1
Ebeta_Trbv31_CBE3	32	41014200	41027600	1	1	1
Ebeta_Trbv31_CBE3	32	41672200	41689400	1	1	1
Ebeta_Trbv31_CBE3	32	41014000	41027400	1	1	1
Ebeta_Trbv31_CBE3	32	41594800	41601400	7.28865e-16	5.03482e-15	2.52393e-28
Ebeta_Trbv31_CBE3	32	41631600	41652600	1	1	1
Ebeta_Trbv31_CBE3	32	41018600	41035200	1	1	1
Ebeta_Trbv31_CBE3	32	40906400	40926800	1	1	1
Ebeta_Trbv31_CBE3	32	40813200	40828200	1	1	1
Ebeta_Trbv31_CBE3	32	41598600	41605600	2.71365e-09	7.45141e-11	8.90615e-18
Ebeta_Trbv31_CBE3	32	41602400	41610000	0.509078	0.016321	0.0481111
Ebeta_Trbv31_CBE3	32	40857200	40872200	1	1	1
Ebeta_Trbv31_CBE3	32	40829600	40844600	1	1	1
Ebeta_Trbv31_CBE3	32	41015200	41028400	1	1	1
Ebeta_Trbv31_CBE3	32	41602800	41610400	0.754793	0.0643426	0.195468
Ebeta_Trbv31_CBE3	32	40816200	40834200	1	1	1
Ebeta_Trbv31_CBE3	32	41586000	41592600	7.28865e-16	5.03482e-15	2.52393e-28
Ebeta_Trbv31_CBE3	32	40956200	41001400	1	1	1
Ebeta_Trbv31_CBE3	32	41564600	41571200	4.7376e-11	4.79443e-12	1.15471e-20
Ebeta_Trbv31_CBE3	32	40843800	40858000	1	1	1
Ebeta_Trbv31_CBE3	32	41653800	41672000	0.9346	0.746342	0.948788
Ebeta_Trbv31_CBE3	32	41631800	41652800	1	1	1
Ebeta_Trbv31_CBE3	32	41599600	41607000	2.11625e-05	7.09565e-08	4.23824e-11
Ebeta_Trbv31_CBE3	32	41615200	41629800	1	1	1
Ebeta_Trbv31_CBE3	32	41582600	41589200	6.14173e-18	3.23953e-16	1.51804e-31
Ebeta_Trbv31_CBE3	32	41013400	41026400	1	1	1
Ebeta_Trbv31_CBE3	32	41565000	41571600	5.73834e-12	1.21615e-12	3.79076e-22
Ebeta_Trbv31_CBE3	32	41608400	41616600	0.9346	0.253658	0.578308
Ebeta_Trbv31_CBE3	32	40964200	41010600	1	1	1
Ebeta_Trbv31_CBE3	32	41623000	41644800	1	1	1
Ebeta_Trbv31_CBE3	32	41010000	41021200	1	1	1
Ebeta_Trbv31_CBE3	32	41611400	41622000	1	1	1
Ebeta_Trbv31_CBE3	32	41568800	41575600	5.27099e-19	8.21735e-17	3.47048e-33
Ebeta_Trbv31_CBE3	32	40920400	40934600	1	1	1
Ebeta_Trbv31_CBE3	32	40814600	40830000	1	1	1
Ebeta_Trbv31_CBE3	32	41003200	41016400	1	1	1
Ebeta_Trbv31_CBE3	32	41577200	41584000	7.15806e-14	7.82502e-14	3.44175e-25
Ebeta_Trbv31_CBE3	32	40934200	40951000	1	1	1
Ebeta_Trbv31_CBE3	32	40804400	40816600	1	1	1
Ebeta_Trbv31_CBE3	32	40945000	40959200	1	1	1
Ebeta_Trbv31_CBE3	32	41625000	41647400	1	1	1
Ebeta_Trbv31_CBE3	32	40906000	40925800	1	1	1
Ebeta_Trbv31_CBE3	32	41604400	41611600	0.9346	0.253658	0.578308
Ebeta_Trbv31_CBE3	32	41598200	41605000	4.7376e-11	4.79443e-12	1.15471e-20
Ebeta_Trbv31_CBE3	32	41611000	41621600	1	1	1
Ebeta_Trbv31_CBE3	32	41578200	41585000	7.28865e-16	5.03482e-15	2.52393e-28
Ebeta_Trbv31_CBE3	32	40828000	40841600	1	1	1
Ebeta_Trbv31_CBE3	32	40933000	40949600	1	1	1
Ebeta_Trbv31_CBE3	32	41666600	41682600	0.9346	0.746342	0.948788
Ebeta_Trbv31_CBE3	32	41580200	41586800	7.15806e-14	7.82502e-14	3.44175e-25
Ebeta_Trbv31_CBE3	32	41594200	41600800	7.28865e-16	5.03482e-15	2.52393e-28
Ebeta_Trbv31_CBE3	32	40827000	40840800	1	1	1
Ebeta_Trbv31_CBE3	32	41598800	41606200	1.87244e-08	2.93758e-10	2.24098e-16
Ebeta_Trbv31_CBE3	32	41591800	41598400	7.28865e-16	5.03482e-15	2.52393e-28
Ebeta_Trbv31_CBE3	32	41618000	41633000	1	1	1
Ebeta_Trbv31_CBE3	32	40850200	40864200	1	1	1
Ebeta_Trbv31_CBE3	32	41574600	41581200	5.73834e-12	1.21615e-12	3.79076e-22
Ebeta_Trbv31_CBE3	32	40834000	40848800	1	1	1
Ebeta_Trbv31_CBE3	32	40855800	40870000	1	1	1
Ebeta_Trbv31_CBE3	32	40795400	40811200	1	1	1
Ebeta_Trbv31_CBE3	32	41577400	41584200	7.15806e-14	7.82502e-14	3.44175e-25
Ebeta_Trbv31_CBE3	32	40905200	40925400	1	1	1
Ebeta_Trbv31_CBE3	32	41644200	41663000	1	1	1
Ebeta_Trbv31_CBE3	32	40941400	40957600	1	1	1
Ebeta_Trbv31_CBE3	32	41020200	41036200	1	1	1
Ebeta_Trbv31_CBE3	32	41670400	41686400	0.9346	0.746342	0.948788
Ebeta_Trbv31_CBE3	32	40931600	40949000	1	1	1
Ebeta_Trbv31_CBE3	32	41570800	41577400	7.28865e-16	5.03482e-15	2.52393e-28
Ebeta_Trbv31_CBE3	32	41017200	41033800	1	1	1
Ebeta_Trbv31_CBE3	32	40963600	41009400	1	1	1
Ebeta_Trbv31_CBE3	32	40935200	40951600	1	1	1
Ebeta_Trbv31_CBE3	32	40917600	40933200	1	1	1
Ebeta_Trbv31_CBE3	32	40944800	40959000	1	1	1
Ebeta_Trbv31_CBE3	32	41291800	41307400	1	1	1
Ebeta_Trbv31_CBE3	32	40949400	40963200	1	1	1
Ebeta_Trbv31_CBE3	32	40865800	40879800	1	1	1
Ebeta_Trbv31_CBE3	32	41609200	41617600	0.9346	0.253658	0.578308
Ebeta_Trbv31_CBE3	32	41624000	41645400	1	1	1
Ebeta_Trbv31_CBE3	32	41606600	41614600	0.9346	0.253658	0.578308
Ebeta_Trbv31_CBE3	32	40794400	40810800	1	1	1
Ebeta_Trbv31_CBE3	32	40817000	40836000	1	1	1
Ebeta_Trbv31_CBE3	32	41573400	41580000	7.40193e-15	1.98488e-14	9.56266e-27
Ebeta_Trbv31_CBE3	32	40791800	40808200	1	1	1
Ebeta_Trbv31_CBE3	32	40963000	41007800	1	1	1
Ebeta_Trbv31_CBE3	32	40914000	40929000	1	1	1
Ebeta_Trbv31_CBE3	32	41562800	41569600	1.87244e-08	2.93758e-10	2.24098e-16
Ebeta_Trbv31_CBE3	32	40831600	40846800	1	1	1
Ebeta_Trbv31_CBE3	32	41592800	41599400	7.28865e-16	5.03482e-15	2.52393e-28
Ebeta_Trbv31_CBE3	32	40839400	40854400	1	1	1
Ebeta_Trbv31_CBE3	32	40851200	40865000	1	1	1
Ebeta_Trbv31_CBE3	32	40825200	40839800	1	1	1
Ebeta_Trbv31_CBE3	32	40934000	40950800	1	1	1
Ebeta_Trbv31_CBE3	32	40792400	40808600	1	1	1
Ebeta_Trbv31_CBE3	32	40916600	40931800	1	1	1
Ebeta_Trbv31_CBE3	32	41652600	41671800	0.9346	0.746342	0.948788
Ebeta_Trbv31_CBE3	32	41586400	41593000	7.28865e-16	5.03482e-15	2.52393e-28
Ebeta_Trbv31_CBE3	32	41642000	41662200	1	1	1
Ebeta_Trbv31_CBE3	32	40918000	40934200	1	1	1
Ebeta_Trbv31_CBE3	32	40829800	40845400	1	1	1
Ebeta_Trbv31_CBE3	32	41652400	41671000	0.9346	0.746342	0.948788
Ebeta_Trbv31_CBE3	32	40803400	40816000	1	1	1
Ebeta_Trbv31_CBE3	32	40810600	40825800	1	1	1
Ebeta_Trbv31_CBE3	32	40838800	40853800	1	1	1
Ebeta_Trbv31_CBE3	32	41575200	41581800	3.69422e-10	1.89011e-11	3.31046e-19
Ebeta_Trbv31_CBE3	32	41639600	41660800	1	1	1
Ebeta_Trbv31_CBE3	32	40807600	40822600	1	1	1
Ebeta_Trbv31_CBE3	32	41618200	41633800	1	1	1
Ebeta_Trbv31_CBE3	32	40939600	40955600	1	1	1
Ebeta_Trbv31_CBE3	32	41607200	41615200	0.9346	0.253658	0.578308
Ebeta_Trbv31_CBE3	32	41601400	41608800	0.055669	0.000266377	0.000179711
Ebeta_Trbv31_CBE3	32	41597600	41604200	5.73834e-12	1.21615e-12	3.79076e-22
Ebeta_Trbv31_CBE3	32	41649400	41669400	1	1	1
Ebeta_Trbv31_CBE3	32	41599200	41606600	7.29222e-07	4.56552e-09	1.14314e-13
Ebeta_Trbv31_CBE3	32	40936600	40954000	1	1	1
Ebeta_Trbv31_CBE3	32	41588600	41595200	6.84559e-17	1.27712e-15	6.3397e-30
Ebeta_Trbv31_CBE3	32	40957200	41003000	1	1	1
Ebeta_Trbv31_CBE3	32	41627000	41648000	1	1	1
Ebeta_Trbv31_CBE3	32	40790600	40807400	1	1	1
Ebeta_Trbv31_CBE3	32	40851800	40865800	1	1	1
Ebeta_Trbv31_CBE3	32	41606000	41614000	0.9346	0.253658	0.578308
Ebeta_Trbv31_CBE3	32	40849600	40863200	1	1	1
Ebeta_Trbv31_CBE3	32	41664200	41678400	0.9346	0.746342	0.948788
Ebeta_Trbv31_CBE3	32	40938200	40954600	1	1	1
Ebeta_Trbv31_CBE3	32	41594600	41601200	6.84559e-17	1.27712e-15	6.3397e-30
Ebeta_Trbv31_CBE3	32	41006000	41019600	1	1	1
Ebeta_Trbv31_CBE3	32	41571600	41578200	7.40193e-15	1.98488e-14	9.56266e-27
Ebeta_Trbv31_CBE3	32	41597400	41604000	6.57997e-13	3.08486e-13	1.17439e-23
Ebeta_Trbv31_CBE3	32	41582200	41588800	6.14173e-18	3.23953e-16	1.51804e-31
Ebeta_Trbv31_CBE3	32	40947800	40960400	1	1	1
Ebeta_Trbv31_CBE3	32	41670800	41686600	0.9346	0.746342	0.948788
Ebeta_Trbv31_CBE3	32	41620400	41638800	1	1	1
Ebeta_Trbv31_CBE3	32	41566800	41573600	7.40193e-15	1.98488e-14	9.56266e-27
Ebeta_Trbv31_CBE3	32	41598000	41604800	4.7376e-11	4.79443e-12	1.15471e-20
Ebeta_Trbv31_CBE3	32	40835400	40849800	1	1	1
Ebeta_Trbv31_CBE3	32	40826200	40840600	1	1	1
Ebeta_Trbv31_CBE3	32	41610000	41619200	1	1	1
Ebeta_Trbv31_CBE3	32	40864000	40878000	1	1	1
Ebeta_Trbv31_CBE3	32	41585400	41592000	7.40193e-15	1.98488e-14	9.56266e-27
Ebeta_Trbv31_CBE3	32	41642400	41662400	1	1	1
Ebeta_Trbv31_CBE3	32	40918200	40934400	1	1	1
Ebeta_Trbv31_CBE3	32	41584600	41591000	7.40193e-15	1.98488e-14	9.56266e-27
Ebeta_Trbv31_CBE3	32	40854000	40867400	1	1	1
Ebeta_Trbv31_CBE3	32	41576600	41583200	5.73834e-12	1.21615e-12	3.79076e-22
Ebeta_Trbv31_CBE3	32	40796200	40812400	1	1	1
Ebeta_Trbv31_CBE3	32	41609000	41617000	0.9346	0.253658	0.578308
Ebeta_Trbv31_CBE3	32	41662800	41676400	0.9346	0.746342	0.948788
Ebeta_Trbv31_CBE3	32	41290800	41306800	1	1	1
Ebeta_Trbv31_CBE3	32	40925200	40940000	1	1	1
Ebeta_Trbv31_CBE3	32	41566000	41572800	6.57997e-13	3.08486e-13	1.17439e-23
Ebeta_Trbv31_CBE3	32	41595200	41601800	6.84559e-17	1.27712e-15	6.3397e-30
Ebeta_Trbv31_CBE3	32	40852400	40866200	1	1	1
Ebeta_Trbv31_CBE3	32	40806400	40818600	1	1	1
Ebeta_Trbv31_CBE3	32	41650000	41670000	1	1	1
Ebeta_Trbv31_CBE3	32	40858400	40873000	1	1	1
Ebeta_Trbv31_CBE3	32	41569000	41575800	5.27099e-19	8.21735e-17	3.47048e-33
Ebeta_Trbv31_CBE3	32	40840800	40856200	1	1	1
Ebeta_Trbv31_CBE3	32	40824000	40839200	1	1	1
Ebeta_Trbv31_CBE3	32	41616400	41631200	1	1	1
Ebeta_Trbv31_CBE3	32	41607800	41615800	0.9346	0.253658	0.578308
Ebeta_Trbv31_CBE3	32	41597200	41603600	7.15806e-14	7.82502e-14	3.44175e-25
Ebeta_Trbv31_CBE3	32	40948600	40960800	1	1	1
Ebeta_Trbv31_CBE3	32	40802000	40815200	1	1	1
Ebeta_Trbv31_CBE3	32	41612200	41623800	1	1	1
Ebeta_Trbv31_CBE3	32	41009200	41021000	1	1	1
Ebeta_Trbv31_CBE3	32	41576800	41583400	6.57997e-13	3.08486e-13	1.17439e-23
Ebeta_Trbv31_CBE3	32	41591200	41598000	6.84559e-17	1.27712e-15	6.3397e-30
Ebeta_Trbv31_CBE3	32	41578800	41585600	7.40193e-15	1.98488e-14	9.56266e-27
Ebeta_Trbv31_CBE3	32	41012200	41024200	1	1	1
Ebeta_Trbv31_CBE3	32	41592000	41598600	7.28865e-16	5.03482e-15	2.52393e-28
Ebeta_Trbv31_CBE3	32	41022400	41038200	1	1	1
Ebeta_Trbv31_CBE3	32	41666200	41681000	0.9346	0.746342	0.948788
Ebeta_Trbv31_CBE3	32	41630600	41650000	1	1	1
Ebeta_Trbv31_CBE3	32	41600400	41607800	0.000439942	1.10279e-06	1.08903e-08
Ebeta_Trbv31_CBE3	32	41017000	41033600	1	1	1
Ebeta_Trbv31_CBE3	32	41012600	41024600	1	1	1
Ebeta_Trbv31_CBE3	32	40953000	40965200	1	1	1
Ebeta_Trbv31_CBE3	32	40829200	40844000	1	1	1
Ebeta_Trbv31_CBE3	32	41575000	41581600	4.7376e-11	4.79443e-12	1.15471e-20
Ebeta_Trbv31_CBE3	32	41010600	41022400	1	1	1
Ebeta_Trbv31_CBE3	32	41589200	41595800	6.84559e-17	1.27712e-15	6.3397e-30
Ebeta_Trbv31_CBE3	32	40813800	40829200	1	1	1
Ebeta_Trbv31_CBE3	32	40807400	40822000	1	1	1
Ebeta_Trbv31_CBE3	32	40825600	40840200	1	1	1
Ebeta_Trbv31_CBE3	32	41623600	41645000	1	1	1
Ebeta_Trbv31_CBE3	32	41618600	41634000	1	1	1
Ebeta_Trbv31_CBE3	32	40815800	40833600	1	1	1
Ebeta_Trbv31_CBE3	32	40847000	40861200	1	1	1
Ebeta_Trbv31_CBE3	32	40966400	41012400	1	1	1
Ebeta_Trbv31_CBE3	32	41647400	41665400	1	1	1
Ebeta_Trbv31_CBE3	32	41633600	41656200	1	1	1
Ebeta_Trbv31_CBE3	32	41003600	41016800	1	1	1
Ebeta_Trbv31_CBE3	32	41019400	41035600	1	1	1
Ebeta_Trbv31_CBE3	32	41616200	41631000	1	1	1
Ebeta_Trbv31_CBE3	32	40936800	40954200	1	1	1
Ebeta_Trbv31_CBE3	32	40821200	40837800	1	1	1
Ebeta_Trbv31_CBE3	32	41590200	41596800	6.14173e-18	3.23953e-16	1.51804e-31
Ebeta_Trbv31_CBE3	32	41582000	41588600	6.14173e-18	3.23953e-16	1.51804e-31
Ebeta_Trbv31_CBE3	32	41563000	41569800	1.87244e-08	2.93758e-10	2.24098e-16
Ebeta_Trbv31_CBE3	32	41563600	41570000	2.71365e-09	7.45141e-11	8.90615e-18
Ebeta_Trbv31_CBE3	32	41634400	41657400	1	1	1
Ebeta_Trbv31_CBE3	32	41615400	41630000	1	1	1
Ebeta_Trbv31_CBE3	32	41567600	41574400	6.14173e-18	3.23953e-16	1.51804e-31
Ebeta_Trbv31_CBE3	32	41580000	41586600	7.40193e-15	1.98488e-14	9.56266e-27
Ebeta_Trbv31_CBE3	32	41574000	41580600	7.15806e-14	7.82502e-14	3.44175e-25
Ebeta_Trbv31_CBE3	32	41657400	41673800	0.9346	0.746342	0.948788
Ebeta_Trbv31_CBE3	32	40943600	40958200	1	1	1
Ebeta_Trbv31_CBE3	32	41629800	41649400	1	1	1
Ebeta_Trbv31_CBE3	32	41629000	41648600	1	1	1
Ebeta_Trbv31_CBE3	32	41290000	41305800	1	1	1
Ebeta_Trbv31_CBE3	32	40797200	40813200	1	1	1
Ebeta_Trbv31_CBE3	32	41630800	41650200	1	1	1
Ebeta_Trbv31_CBE3	32	41562200	41569000	7.29222e-07	4.56552e-09	1.14314e-13
Ebeta_Trbv31_CBE3	32	40809800	40824600	1	1	1
Ebeta_Trbv31_CBE3	32	40923200	40938600	1	1	1
Ebeta_Trbv31_CBE3	32	40916200	40931200	1	1	1
Ebeta_Trbv31_CBE3	32	40861600	40875200	1	1	1
Ebeta_Trbv31_CBE3	32	41610600	41621200	1	1	1
Ebeta_Trbv31_CBE3	32	41630000	41649600	1	1	1
Ebeta_Trbv31_CBE3	32	41603000	41610600	0.9346	0.253658	0.578308
Ebeta_Trbv31_CBE3	32	40935800	40953200	1	1	1
Ebeta_Trbv31_CBE3	32	41590800	41597600	6.14173e-18	3.23953e-16	1.51804e-31
Ebeta_Trbv31_CBE3	32	40954200	40999000	1	1	1
Ebeta_Trbv31_CBE3	32	41007600	41020200	1	1	1
Ebeta_Trbv31_CBE3	32	41593000	41599600	7.28865e-16	5.03482e-15	2.52393e-28
Ebeta_Trbv31_CBE3	32	41664000	41677600	0.9346	0.746342	0.948788
Ebeta_Trbv31_CBE3	32	40922800	40937200	1	1	1
Ebeta_Trbv31_CBE3	32	41597000	41603400	7.40193e-15	1.98488e-14	9.56266e-27
Ebeta_Trbv31_CBE3	32	40958000	41003600	1	1	1
Ebeta_Trbv31_CBE3	32	40924800	40939800	1	1	1
Ebeta_Trbv31_CBE3	32	40938400	40954800	1	1	1
Ebeta_Trbv31_CBE3	32	41669800	41685800	0.9346	0.746342	0.948788
Ebeta_Trbv31_CBE3	32	40815400	40832000	1	1	1
Ebeta_Trbv31_CBE3	32	41645600	41664800	1	1	1
Ebeta_Trbv31_CBE3	32	40845200	40859400	1	1	1
Ebeta_Trbv31_CBE3	32	41595800	41602400	7.28865e-16	5.03482e-15	2.52393e-28
Ebeta_Trbv31_CBE3	32	40964600	41010800	1	1	1
Ebeta_Trbv31_CBE3	32	41579800	41586400	7.28865e-16	5.03482e-15	2.52393e-28
Ebeta_Trbv31_CBE3	32	41569400	41576200	5.27099e-19	8.21735e-17	3.47048e-33
Ebeta_Trbv31_CBE3	32	40856200	40870800	1	1	1
Ebeta_Trbv31_CBE3	32	40864400	40878200	1	1	1
Ebeta_Trbv31_CBE3	32	40818400	40837400	1	1	1
Ebeta_Trbv31_CBE3	32	41567200	41574000	7.28865e-16	5.03482e-15	2.52393e-28
Ebeta_Trbv31_CBE3	32	41589800	41596400	5.27099e-19	8.21735e-17	3.47048e-33
Ebeta_Trbv31_CBE3	32	41589000	41595600	6.84559e-17	1.27712e-15	6.3397e-30
Ebeta_Trbv31_CBE3	32	41669200	41683800	0.9346	0.746342	0.948788
Ebeta_Trbv31_CBE3	32	40959000	41004800	1	1	1
Ebeta_Trbv31_CBE3	32	41587800	41594400	6.84559e-17	1.27712e-15	6.3397e-30
Ebeta_Trbv31_CBE3	32	41667200	41683400	0.9346	0.746342	0.948788
Ebeta_Trbv31_CBE3	32	40914200	40929200	1	1	1
Ebeta_Trbv31_CBE3	32	41291200	41307200	1	1	1
Ebeta_Trbv31_CBE3	32	41024200	41039000	1	1	1
Ebeta_Trbv31_CBE3	32	40852600	40866400	1	1	1
Ebeta_Trbv31_CBE3	32	41606400	41614400	0.9346	0.253658	0.578308
Ebeta_Trbv31_CBE3	32	40828200	40842200	1	1	1
Ebeta_Trbv31_CBE3	32	41662400	41675800	0.9346	0.746342	0.948788
Ebeta_Trbv31_CBE3	32	40814000	40829400	1	1	1
Ebeta_Trbv31_CBE3	32	41649800	41669800	1	1	1
Ebeta_Trbv31_CBE3	32	40955200	41001000	1	1	1
Ebeta_Trbv31_CBE3	32	41610400	41621000	1	1	1
Ebeta_Trbv31_CBE3	32	40808600	40824200	1	1	1
Ebeta_Trbv31_CBE3	32	41594000	41600600	7.40193e-15	1.98488e-14	9.56266e-27
Ebeta_Trbv31_CBE3	32	41600200	41607600	0.000439942	1.10279e-06	1.08903e-08
Ebeta_Trbv31_CBE3	32	41583200	41589800	7.28865e-16	5.03482e-15	2.52393e-28
Ebeta_Trbv31_CBE3	32	41001000	41014400	1	1	1
Ebeta_Trbv31_CBE3	32	40922000	40936600	1	1	1
Ebeta_Trbv31_CBE3	32	41621600	41642600	1	1	1
Ebeta_Trbv31_CBE3	32	41577600	41584400	7.15806e-14	7.82502e-14	3.44175e-25
Ebeta_Trbv31_CBE3	32	41585200	41591600	7.40193e-15	1.98488e-14	9.56266e-27
Ebeta_Trbv31_CBE3	32	41593400	41600000	7.40193e-15	1.98488e-14	9.56266e-27
Ebeta_Trbv31_CBE3	32	41017600	41034600	1	1	1
Ebeta_Trbv31_CBE3	32	41604800	41612200	0.9346	0.253658	0.578308
Ebeta_Trbv31_CBE3	32	41591400	41598200	7.28865e-16	5.03482e-15	2.52393e-28
Ebeta_Trbv31_CBE3	32	40818600	40837600	1	1	1
Ebeta_Trbv31_CBE3	32	41567400	41574200	6.84559e-17	1.27712e-15	6.3397e-30
Ebeta_Trbv31_CBE3	32	40951400	40964800	1	1	1
Ebeta_Trbv31_CBE3	32	40950600	40963800	1	1	1
Ebeta_Trbv31_CBE3	32	41582800	41589400	6.14173e-18	3.23953e-16	1.51804e-31
Ebeta_Trbv31_CBE3	32	41657200	41673600	0.9346	0.746342	0.948788
Ebeta_Trbv31_CBE3	32	40954600	41000200	1	1	1
Ebeta_Trbv31_CBE3	32	41579600	41586200	7.28865e-16	5.03482e-15	2.52393e-28
Ebeta_Trbv31_CBE3	32	41627600	41648200	1	1	1
Ebeta_Trbv31_CBE3	32	41673200	41689600	1	1	1
Ebeta_Trbv31_CBE3	32	41670200	41686000	0.9346	0.746342	0.948788
